source_id,jurisdiction,level,category,title,citation,url,publisher,source_type,in_corpus,in_supplementary,retrieved_at,sha256,terms_checked,notes
S-CA-01,CA,state,rent_increase_limits,Cal. Civ. Code § 1947.12 (leginfo),Cal. Civ. Code § 1947.12,https://leginfo.legislature.ca.gov/faces/codes_displaySection.xhtml?lawCode=CIV&sectionNum=1947.12,California Legislative Information,official,D024,D019,2026-10-01T22:35Z,eb9c42af2b9a5c220ca37816f409f0bd3ea92a002a973283e779fdb72de18bd7,yes,leginfo blocks scripted fetch and robots.txt disallows WebFetch; organisers corpus copy used (README §6)
S-CA-02,CA,state,just_cause_eviction,Cal. Civ. Code § 1946.2 (leginfo),Cal. Civ. Code § 1946.2,https://leginfo.legislature.ca.gov/faces/codes_displaySection.xhtml?lawCode=CIV&sectionNum=1946.2,California Legislative Information,official,D023,D018,2026-10-01T22:35Z,fdd8d7fca42103cf630c3a9a4ed217150eb17a6e180edd80c1d845ca5e8aa1fe,yes,corpus copy
S-CA-03,CA,state,security_deposits,Cal. Civ. Code § 1950.5 (leginfo),Cal. Civ. Code § 1950.5,https://leginfo.legislature.ca.gov/faces/codes_displaySection.xhtml?lawCode=CIV&sectionNum=1950.5,California Legislative Information,official,D025,D020,2026-10-01T22:35Z,48b1d005fb59f73082dc625d4038272f4bde950d2c93a70ef400a43b630e1511,yes,corpus copy
S-CA-04,CA,state,application_screening_fees,Cal. Civ. Code § 1950.6 (leginfo),Cal. Civ. Code § 1950.6,https://leginfo.legislature.ca.gov/faces/codes_displaySection.xhtml?lawCode=CIV&sectionNum=1950.6,California Legislative Information,official,D026,D017,2026-10-01T22:35Z,35ec54ef926471876977b9cad3f0db7ff5b77393bd0baad03ed30125949f8e7a,yes,corpus copy
S-CA-05,CA,state,screening_restrictions,Cal. Gov. Code § 12955 (leginfo),Cal. Gov. Code § 12955,https://leginfo.legislature.ca.gov/faces/codes_displaySection.xhtml?lawCode=GOV&sectionNum=12955,California Legislative Information,official,D027,D021,2026-10-01T22:35Z,511f8074b8f4959161fb4c7ec922c8fa963735b47c13d852b8a09ca42b922ecf,yes,corpus copy
S-CA-06,CA,state,screening_restrictions,CRD – Housing (fair housing FAQ),Cal. Gov. Code § 12955 (agency guidance),https://calcivilrights.ca.gov/housing/,California Civil Rights Department,official-agency,D016,none,2026-10-01T22:35Z,21d92128daede668d6f1a824528ead345982ddf043a32e4fb5d80dd8adbcdce9,yes,corpus copy
S-CA-07,CA,state,algorithmic_rent_setting,"AB 325 (2025-2026) chaptered text, Ch. 338",Cal. Bus. & Prof. Code § 16729,https://leginfo.legislature.ca.gov/faces/billNavClient.xhtml?bill_id=202520260AB325,California Legislative Information,official,D022,none,2026-10-01T22:35Z,0699980875e6bf3d797abd8b734db7d449b295173e33668cc655e3b394c084ed,yes,corpus copy; approved by Governor 2025-10-06
S-CA-08,CA,state,algorithmic_rent_setting,Cleary Gottlieb alert: California antitrust amendments (AB 325 / SB 763) effective 2026-01-01,"Cal. Bus. & Prof. Code §§ 16729, 16755.1",https://www.clearygottlieb.com/news-and-insights/publication-listing/californias-antitrust-law-amendments-kick-in-targeting-algorithmic-pricing,Cleary Gottlieb,secondary-lawfirm,none,D028,2026-10-03T18:50Z,abcfc28267e40d52aac628355120227dcd9d7c70f86275d14b8702535e001f05,yes,support only
S-NJ-02,NJ,state,just_cause_eviction,"N.J.S.A. 2A:18-61.1 (Justia mirror, 2025)",N.J.S.A. 2A:18-61.1,https://law.justia.com/codes/new-jersey/title-2a/section-2a-18-61-1/,Justia (mirror of official statute),secondary-news,none,D062,2026-10-03T18:52Z,8b69c5915decda37e35fc2af12c145cc481a0fbfd86356819a6c4e8d1f91816b,yes,statute mirror; official njleg copy not captured
S-NJ-03,NJ,state,security_deposits,"N.J.S.A. 46:8-21.2 (Justia mirror, 2025)",N.J.S.A. 46:8-21.2,https://law.justia.com/codes/new-jersey/title-46/section-46-8-21-2/,Justia (mirror of official statute),secondary-news,none,D063,2026-10-03T18:49Z,0ea3b901ecec65af31f385404cfe158378ce25a98ed854a8a296fe95bf821579,yes,same URL as organisers sample_rule_record
S-NJ-04,NJ,state,security_deposits,"N.J.S.A. 46:8-26 (Justia mirror, 2025)",N.J.S.A. 46:8-26,https://law.justia.com/codes/new-jersey/title-46/section-46-8-26/,Justia (mirror of official statute),secondary-news,none,D064,2026-10-03T18:52Z,b03ef6e5cffc6bcc92ef77e5bce13ac633bbf6aee10ba2150de360ffc6a2d2ef,yes,owner-occupied ≤2 unit exclusion
S-NJ-05,NJ,state,just_cause_eviction,NJ DCA Truth in Renting guide,N.J.S.A. 2A:18-61.1 et seq. (agency guide),https://www.nj.gov/dca/codes/publications/pdf_lti/t_i_r.pdf,NJ Department of Community Affairs,official-agency,D067,none,2026-10-01T22:37Z,a61f61a51b513b48a41cce48326e28861838a95e5e5a29cdedc41470d44ed505,yes,corpus copy
S-NJ-06,NJ,state,application_screening_fees,"P.L.2025, c.405 (A4899) – application fee cap",N.J.S.A. 46:8-18.1,https://pub.njleg.gov/bills/2024/PL25/405_.HTM,New Jersey Legislature,official,D066,none,2026-10-01T22:37Z,e06aa61acf6ddb50631d5be3c89c4029caccb13c0dcc7be888e0e64f8b182c2e,yes,corpus copy; approved 2026-01-20
S-NJ-07,NJ,state,screening_restrictions,"P.L.2021, c.110 – Fair Chance in Housing Act",N.J.S.A. 46:8-52 et seq.,https://pub.njleg.gov/bills/2020/PL21/110_.HTM,New Jersey Legislature,official,D065,none,2026-10-01T22:37Z,c7d281ddae183438fd360bfa0b4824d6541c532efe6ae8123dad37e0f4d53e1e,yes,corpus copy; approved 2021-06-18
S-NJ-08,NJ,state,screening_restrictions,"N.J.S.A. 10:5-12 (Justia mirror, 2025) + DCR Know Your Rights housing",N.J.S.A. 10:5-12(g),https://law.justia.com/codes/new-jersey/title-10/section-10-5-12/,Justia (mirror) / NJ Division on Civil Rights (D068),secondary-news,D068,D061,2026-10-03T18:52Z,857cb50fde16e0027346c44f502b2f0d854aad4bca7cf0926a31cd54adad8159,yes,statute mirror; DCR guide in corpus
S-NJ-09,NJ,state,algorithmic_rent_setting,"P.L.2026, c.43 – FAIR Act",N.J.S.A. 56:9-20 to 56:9-26,https://pub.njleg.state.nj.us/Bills/2026/AL26/43_.HTM,New Jersey Legislature,official,D069,none,2026-10-01T22:56Z,1fdbfb48743a46429c3f47dbd8d08c665739202361661e1a2f19b94bb0ec43a6,yes,corpus copy; approved 2026-07-20
S-MA-01,MA,state,rent_increase_limits,"M.G.L. c.40P, § 4","M.G.L. c.40P, § 4",https://malegislature.gov/Laws/GeneralLaws/PartI/TitleVII/Chapter40P/Section4,Massachusetts General Court,official,D048,none,2026-10-01T22:36Z,090647f489ec5f03c114df23b74c28a107a7e0b855e382969c27dbf58a55837d,yes,corpus copy
S-MA-02,MA,state,rent_increase_limits,WBUR: SJC strikes rent-control ballot question (2026-06-23),Initiative Petition 25-21; Cella v. Attorney General (SJC 2026),https://www.wbur.org/news/2026/06/23/massachusetts-high-court-rent-control-ballot-question-struck,WBUR,secondary-news,none,D059,2026-10-03T18:52Z,f5629f29118d1c10cdb602fafb4242c9899c2de4e3ebacdd9dca330bc8b0f825,yes,only reachable source; SJC opinion not retrieved
S-MA-03,MA,state,just_cause_eviction,"M.G.L. c.186, § 12","M.G.L. c.186, § 12",https://malegislature.gov/Laws/GeneralLaws/PartII/TitleI/Chapter186/Section12,Massachusetts General Court,official,D051,none,2026-10-01T22:37Z,6c1a194983bb0ee7079919bb8ef0e77efcd35d73dd9795853024a6eaaf5b24de,yes,corpus copy
S-MA-04,MA,state,just_cause_eviction,"M.G.L. c.186, § 11","M.G.L. c.186, § 11",https://malegislature.gov/Laws/GeneralLaws/PartII/TitleI/Chapter186/Section11,Massachusetts General Court,official,D050,none,2026-10-01T22:37Z,cdc077701a5c63533240e370c77ce86546bd2c8372d771433c52a98fadc48f19,yes,corpus copy
S-MA-05,MA,state,security_deposits,"M.G.L. c.186, § 15B","M.G.L. c.186, § 15B",https://malegislature.gov/Laws/GeneralLaws/PartII/TitleI/Chapter186/Section15B,Massachusetts General Court,official,D052,none,2026-10-01T22:37Z,f24c21cb2b32330c0f2f112f066d02b784887a8552cc3777ea96f1d53dd0171f,yes,corpus copy; also basis of MA-FEE-01
S-MA-06,MA,state,application_screening_fees,MassLandlords: Can Massachusetts landlords charge an application fee?,"M.G.L. c.186, § 15B (interpretation)",https://masslandlords.net/can-massachusetts-landlords-charge-an-application-fee/,MassLandlords,secondary-news,none,D054,2026-10-03T18:51Z,c44acb0f6d8cc04c4775c4d12cebb40cd913d9ec94972590e76ef8faca6e759c,yes,support only
S-MA-07,MA,state,screening_restrictions,"M.G.L. c.151B, § 4","M.G.L. c.151B, § 4(10)",https://malegislature.gov/Laws/GeneralLaws/PartI/TitleXXI/Chapter151B/Section4,Massachusetts General Court,official,D049,none,2026-10-01T22:37Z,ac42593c79533c25223582de77eb5411d2f8ef501a0d027d2a61042b7e81d7ef,yes,corpus copy
S-MA-08,MA,state,algorithmic_rent_setting,Bill S.2983 (194th) – status page,Mass. S.2983,https://malegislature.gov/Bills/194/S2983,Massachusetts General Court,official,D046,none,2026-10-01T22:36Z,6ea5313d0a656ab73b683e72b594cf143ee61bd6923ee1d9f3df46682248004d,yes,corpus copy; also D047 history
S-MA-09,MA,state,algorithmic_rent_setting,Bill H.5222 (194th) – status page,Mass. H.5222,https://malegislature.gov/Bills/194/H5222,Massachusetts General Court,official,D045,none,2026-10-01T22:36Z,8bc537dfe4d0e00b829147ae82ba11d40bef8a2b0696f487c417ca517673bba7,yes,corpus copy
S-LA-01,"Los Angeles, CA",city,rent_increase_limits,LAHD – RSO Overview,L.A. Mun. Code ch. XV art. 1 (RSO),https://housing.lacity.gov/residents/rso-overview,Los Angeles Housing Department,official-agency,D041,none,2026-10-03T20:05Z,4d8837313d514bde68624c37ab37622dd950c542bdc74942702641519eae3ece,yes,corpus copy + live re-check 2026-10-03
S-LA-02,"Los Angeles, CA",city,rent_increase_limits,LA City Clerk council file 23-1134 (Ord. 188795 – RSO formula),Ord. No. 188795,https://cityclerk.lacity.org/lacityclerkconnect/index.cfm?fa=ccfi.viewrecord&cfnumber=23-1134,Los Angeles City Clerk,official,none,none,2026-10-03T20:10Z,5a94e6ac2cd69a68c6f2d95098e47f22561535f04e59754c792752ea4029e091,yes,adopted 2025-12-12; Mayor 2025-12-24; published 2025-12-26; effective 2026-02-02 (live fetch; excerpt saved)
S-LA-03,"Los Angeles, CA",city,rent_increase_limits,AAGLA news alert: RSO formula ordinance,Ord. No. 188795 (secondary),https://members.aagla.org/news/news-alert-la-city-passes-severely-reduced-rso-formula-ordinance,Apartment Association of Greater Los Angeles,secondary-news,none,none,2026-10-03T20:08Z,6b36ce08e8585bc0a45cb1fba0414af1b4461cc5fb9757b2e2cd43e464e80dbf,yes,gives 2026-01-24 effective date – conflict recorded
S-LA-04,"Los Angeles, CA",city,just_cause_eviction,LAHD – Just Cause for Eviction Ordinance (JCO),L.A. Mun. Code § 165.03,https://housing.lacity.gov/residents/just-cause-for-eviction-ordinance-jco,Los Angeles Housing Department,official-agency,D040,none,2026-10-01T22:36Z,13f9d54597199b73e23ad12dcc38626d53bb30bd53d89a63b6a7f55ecc570425,yes,corpus copy
S-LA-05,"Los Angeles, CA",city,just_cause_eviction,Ordinance No. 187737 (JCO) – City Clerk PDF,Ord. No. 187737,https://cityclerk.lacity.org/onlinedocs/2021/21-0042-S3_ord_187737_1-27-23.pdf,Los Angeles City Clerk,official,none,none,2026-10-03T20:18Z,4b1ad73cc4cdfcd1dfa89e9866ad520ba38e4c74ae96a5bdf9d42ad925f0af07,yes,urgency ordinance effective on publication 2023-01-27 (live fetch; excerpt saved)
S-LA-06,"Los Angeles, CA",city,screening_restrictions,LAMC § 45.67 Prohibited Activities (American Legal),L.A. Mun. Code § 45.67,https://codelibrary.amlegal.com/codes/los_angeles/latest/lamc/0-0-0-322208,American Legal Publishing,official,none,D038,2026-10-03T19:02Z,5bf4a373a7f179abe26d4a65df8cba88ec507f881620eb616edf9cb362423883,yes,team single-page capture; publisher terms allow reading
S-LA-07,"Los Angeles, CA",city,screening_restrictions,CAA: City of Los Angeles source of income discrimination law,L.A. Mun. Code §§ 45.65–45.69 (secondary),https://2021.caanet.org/kb/city-of-los-angeles-source-of-income-discrimination-law/amp,California Apartment Association,secondary-news,none,none,2026-10-03T20:19Z,8b708b205f93fee5ca9bebec640013aa44b9c37fae40473d62b487754b54992b,yes,gives effective 2020-01-01
S-LA-08,"Los Angeles, CA",city,algorithmic_rent_setting,LA Council motion CF 24-1031 (2024-09-03),CF 24-1031 (motion),https://cityclerk.lacity.org/onlinedocs/2024/24-1031_misc_9-03-24.pdf,Los Angeles City Clerk,official,D039,none,2026-10-01T22:36Z,cf36489eb7db23226ff24eb4a65615b9837c67659221630e0366a4ff4456df00,yes,corpus copy; motion only
S-SF-01,"San Francisco, CA",city,rent_increase_limits,SF Rent Board: annual rent increase 3/1/26–2/28/27 = 1.6%,S.F. Admin. Code § 37.3,https://www.sf.gov/news--annual-rent-increase-3126-22827-announced,SF Rent Board (sf.gov),official-agency,D080,none,2026-10-01T22:37Z,924783981b92aabf2a5200517290879d008fd1e8c579969bdddaa28ff6f9fd7d,yes,corpus copy; sf.gov blocked WebFetch 2026-10-03
S-SF-02,"San Francisco, CA",city,security_deposits,"SF Rent Board: current rates (rent increase, deposit interest, relocation)",S.F. Admin. Code ch. 49; § 37.3,https://www.sf.gov/reports--current-rates-including-rent-increase-relocation-sec-deposit,SF Rent Board (sf.gov),official-agency,D083,none,2026-10-01T22:37Z,764e9e3a023bd434458dfea8ffbb57e57d23e5f0a4939cc10948b9e495034d2f,yes,corpus copy
S-SF-03,"San Francisco, CA",city,just_cause_eviction,SF Rent Board: overview of just cause evictions,S.F. Admin. Code § 37.9(a),https://sf.gov/information/overview-just-cause-evictions,SF Rent Board (sf.gov),official-agency,D079,none,2026-10-01T22:37Z,51f9490227bafc8a6f458c7e417f41bce3af07c1416fae77f281b987d97ef793,yes,corpus copy
S-SF-04,"San Francisco, CA",city,screening_restrictions,SF Human Rights Commission (Fair Chance Ordinance – housing),S.F. Police Code art. 49,https://sf-hrc.org/fair-chance-ordinance,SF Human Rights Commission,official-agency,D078,none,2026-10-01T22:37Z,448b85d4e40d5f17d12acf18db20aab4b9337b2e196099fee46c65f46dae91cc,yes,corpus copy; landing page only
S-SF-05,"San Francisco, CA",city,algorithmic_rent_setting,SF Rent Board: new law prohibits algorithmic devices (37.10C),S.F. Admin. Code § 37.10C,https://www.sf.gov/news/new-law-prohibits-algorithmic-devices-used-set-rents-san-francisco,SF Rent Board (sf.gov),official-agency,D081,none,2026-10-01T22:37Z,e3437f99eae3882641b5052fd7006f2a0304abd2033e1b721a8c32324be2afab,yes,corpus copy; effective 2024-10-14
S-SD-01,"San Diego, CA",city,just_cause_eviction,SDMC ch. 9 art. 8 div. 7 Residential Tenant Protections (official PDF),San Diego Mun. Code §§ 98.0701–98.0710,https://docs.sandiego.gov/municode/municodechapter09/ch09art08division07.pdf,City of San Diego,official,D073,none,2026-10-01T22:37Z,d1d4b9874a7c4b51a97cb81809e9ece2658f0f9e52898d904f90d48f3c1a140b,yes,corpus copy
S-SD-02,"San Diego, CA",city,screening_restrictions,SDMC div. 8 source of income (NHLP PDF mirror),San Diego Mun. Code §§ 98.0801–98.0803,https://www.nhlp.org/wp-content/uploads/SD-Municipal-Code-SOI-Article-08-Housing-1.pdf,NHLP (mirror of SDMC),secondary-news,none,none,2026-10-03T20:14Z,9fb006fd10b06cad86b82c9b900556c61efeb6824ef0f488304d1bb67b8ebbfa,yes,history: O-20986 N.S. effective 10-18-2018 (live fetch; excerpt saved)
S-SD-03,"San Diego, CA",city,screening_restrictions,gocodebook – SDMC div. 8 (capture failed/TOC only),San Diego Mun. Code § 98.0801,https://gocodebook.com/library/us/ca/san-diego-zoning/division-8-prohibition-of-discrimination-based-on-a-tenant-s-source-of-income,GoCodebook (code publisher),official,none,D075,2026-10-03T20:13Z,abf895812a5bbbe3c5c9d034375e071cadbc3b140964d9717a97754712d7f5db,yes,HTTP 500 on live fetch; team capture holds only site TOC
S-SD-04,"San Diego, CA",city,algorithmic_rent_setting,gocodebook – SDMC § 98.1103 (Division 11),San Diego Mun. Code § 98.1103,https://gocodebook.com/library/us/ca/san-diego-zoning/division-11-prohibition-of-anti-competitive-automated-rent-price-fixing/98.1103-use-and-sale-of-algorithmic-devices-prohibited,GoCodebook (code publisher),official,none,D074,2026-10-03T19:03Z,3306d3942cba435225889f7502c80b8826d8e0471c042406947bb3e12c0c26eb,yes,team capture trimmed to Division 11; O-21955 N.S. effective 6-21-2025
S-SD-05,"San Diego, CA",city,algorithmic_rent_setting,San Diego staff report + draft ordinance O-2025-107,San Diego Mun. Code §§ 98.1101–98.1104 (draft),https://sandiego.gov/sites/default/files/2025-04/automated-rent-price-fixing-prohibition-ordinance-materials.pdf,City of San Diego,official,D076,none,2026-10-01T22:37Z,31b29a40becda1c218d4f64aedcb56a44241857b0f5d8b451c7b20b5737edc1e,yes,corpus copy; pre-adoption
S-BK-01,"Berkeley, CA",city,rent_increase_limits,Berkeley Rent Board AGA 2026 public notice,Berkeley Mun. Code § 13.76.110,https://rentboard.berkeleyca.gov/sites/default/files/documents/AGA%20Public%20Notice.pdf,Berkeley Rent Stabilization Board,official-agency,D008,none,2026-10-01T22:35Z,969848595b70aa2ff7b9e8420f610c36b914521c4ea4dd1d0656be776e90c39f,yes,corpus copy
S-BK-02,"Berkeley, CA",city,rent_increase_limits,Berkeley Rent Board coverage by unit type,Berkeley Mun. Code § 13.76.050,https://rentboard.berkeleyca.gov/sites/default/files/documents/Rent%20Ordinance%20Coverage%20by%20Unit%20Type.pdf,Berkeley Rent Stabilization Board,official-agency,D009,none,2026-10-01T22:35Z,bddd7d3ab24d2717a0393cf879bad9a849af3aa10dd2e426bc9da34dcd19c5e3,yes,corpus copy
S-BK-03,"Berkeley, CA",city,just_cause_eviction,Berkeley Rent Board – Measure BB changes,Berkeley Mun. Code § 13.76.130,https://rentboard.berkeleyca.gov/laws-regulations/measure-bb-changes-berkeleys-rent-ordinance,Berkeley Rent Stabilization Board,official-agency,D006,none,2026-10-01T22:35Z,f1960db522de7f63158e64334835b37e52ae1d8fa8b510eeb314658aef4173fa,yes,corpus copy; also berkeley.municipal.codes 13.76.110/13.76.050 read live 2026-10-03T20:16Z
S-BK-04,"Berkeley, CA",city,security_deposits,Berkeley Rent Board – Security deposits,Berkeley Mun. Code § 13.76.070,https://rentboard.berkeleyca.gov/rights-responsibilities/security-deposits,Berkeley Rent Stabilization Board,official-agency,D007,none,2026-10-01T22:35Z,2ba3028382b89ee70810a45e25dd9707297bd65512e2723f4f9bda514af57203,yes,corpus copy
S-BK-05,"Berkeley, CA",city,application_screening_fees,Berkeley Rent Board – Tenant screening and application fees,Berkeley Mun. Code ch. 13.78,https://rentboard.berkeleyca.gov/laws-regulations/city-berkeley-ordinances-affecting-rental-properties/tenant-screening-and,Berkeley Rent Stabilization Board,official-agency,D005,none,2026-10-01T22:35Z,396972b4e199efe65ff763eae53ed8a81d99e17ba900c39f16bfb44c16637bed,yes,corpus copy
S-BK-06,"Berkeley, CA",city,screening_restrictions,Berkeley Rent Board – Fair Chance Access to Housing Ordinance,Berkeley Mun. Code ch. 13.106,https://rentboard.berkeleyca.gov/Fair_Chance,Berkeley Rent Stabilization Board,official-agency,D003,none,2026-10-01T22:35Z,a008c846fc4edd842994d8c5ea0367546e55319670e9687c5d1c7ccfdfa1ce40,yes,corpus copy
S-BK-07,"Berkeley, CA",city,screening_restrictions,berkeley.municipal.codes – Ord. 7692-NS enactment page,Ord. 7692-NS,https://berkeley.municipal.codes/enactments/Ord7692-NS,City of Berkeley (code publisher),official,none,none,2026-10-03T20:17Z,ddd50dcd5d5e7c3ee05eaa3af7780b5741dd0e14a89672721828fd95a9653197,yes,live fetch; excerpt saved
S-BK-08,"Berkeley, CA",city,algorithmic_rent_setting,"Ordinance 7,992-N.S. (2025-12-02 council item PDF)",Berkeley Mun. Code ch. 13.63,https://berkeleyca.gov/sites/default/files/documents/2025-12-02%20Item%2001%20Ordinance%207992.pdf,City of Berkeley,official,D001,none,2026-10-01T22:44Z,7f24d692c68f42ed2ab11a2d1f8e060a951f8cf6a3974b4e8090e63081ad6f17,yes,corpus copy
S-BK-09,"Berkeley, CA",city,algorithmic_rent_setting,berkeley.municipal.codes – Ord. 7992-NS / 7974-NS / 7956-NS enactment pages + 2025-07-08 council item,Ord. 7992-NS; 7974-NS; 7956-NS,https://berkeley.municipal.codes/enactments/Ord7992-NS,City of Berkeley (code publisher),official,none,none,2026-10-03T20:12Z,bb632f815b79840b30edeecc71675f65acca0443f0a094735770011db0dbf933,yes,"7992: adopted 2025-12-02 eff. 2026-01-01; 7974: adopted 2025-07-08 eff. 2025-08-07 with ""shall not take effect until March 1, 2026""; 7956: adopted 2025-03-25 eff. 2025-04-24 (live fetches; excerpt saved)"
S-SA-01,"Santa Ana, CA",city,rent_increase_limits,Santa Ana – Rent Stabilization and Just Cause Eviction (dept page),Santa Ana Mun. Code ch. 8 (RSO),https://santa-ana.gov/departments/rent-stabilization,City of Santa Ana,official,D084,none,2026-10-03T20:11Z,fc10720530c3f1eeb733fe7954d39b62ad374c8d954053c61dea0a89444f08b3,yes,corpus copy + live re-check: 2.87% for 2026-09-01 to 2027-08-31
S-SA-02,"Santa Ana, CA",city,just_cause_eviction,"Santa Ana press release: ordinances adopted, effective Nov 19 [2021]",Santa Ana RSO / Just Cause Eviction Ordinance,https://santa-ana.gov/santa-ana-city-council-adopts-rent-stabilization-and-just-cause-eviction-ordinances-effective-nov-19,City of Santa Ana,official,D085,none,2026-10-01T22:37Z,de9d126675c8ee1ab2809c897c8c819bfe241dc95de31ace5004b6c7973607d8,yes,corpus copy
S-SA-03,"Santa Ana, CA",city,algorithmic_rent_setting,PublicCEO: Santa Ana bans anticompetitive rent-setting software (first reading 2026-02-17),Santa Ana Ord. NS-3090 (secondary),https://www.publicceo.com/2026/02/santa-ana-city-council-continues-to-strengthen-tenant-protections-by-banning-anticompetitive-rent-setting-software/,PublicCEO,secondary-news,none,D087,2026-10-03T18:54Z,4a5973758eb9fac48b2e4100158cdc22871590e8de59d0afc32ae5df0056a9c6,yes,support only
S-SA-04,"Santa Ana, CA",city,algorithmic_rent_setting,Voice of OC: Santa Ana bans automated rent price fixing,Santa Ana Ord. NS-3090 (secondary),https://voiceofoc.org/2026/02/santa-ana-bans-automated-rent-price-fixing/,Voice of OC,secondary-news,none,none,2026-10-03T20:11Z,e90f4604723b76f24463517cdf12b180867606cc51c99c5166c00c5604144313,yes,live fetch; vote 6-0-1
S-SA-05,"Santa Ana, CA",city,algorithmic_rent_setting,Morgan Lewis survey of local algorithmic-pricing laws (Aug 2026),Santa Ana Ord. NS-3090; Berkeley 13.63; JC § 218-12; Hoboken ch. 158 (secondary),https://morganlewis.com/pubs/2026/08/algorithmic-rent-pricing-litigation-expands-under-new-state-and-local-laws,Morgan Lewis,secondary-lawfirm,none,D002,2026-10-03T18:49Z,62f6e9fd6c4634cd1ea457f1a996fa5f5c41aa2d3650c5cdb91a945c847b70e0,yes,support only; also D037 duplicate
S-JC-01,"Jersey City, NJ",city,rent_increase_limits,Jersey City – Landlord/Tenant Relations page,Jersey City Code ch. 260,https://www.jerseycitynj.gov/landlordtenant,City of Jersey City,official-agency,D036,none,2026-10-01T22:36Z,f444bed30ede0905ce671ac4b9addf27feaa31c9a74ba6ba537b7f8d77e81dce,yes,corpus copy: 1-4 unit properties exempt
S-JC-02,"Jersey City, NJ",city,rent_increase_limits,Jersey City CPI notice quoting § 260-3 (June 2024),Jersey City Code § 260-3,https://cdnsm5-hosted.civiclive.com/UserFiles/Servers/Server_6189660/File/City%20Hall/Housing%20Economic%20Development/Tenant%20Landlord%20Relations/4.10.2024%20-%20June%202024%20CPI.pdf,City of Jersey City (Office of Landlord/Tenant Relations),official-agency,none,none,2026-10-03T20:15Z,1a500336e096eeb25cc296e8bc8998272ce7760f5c37609db22dac2814878643,yes,live fetch; excerpt saved: lesser of 4% or CPI
S-JC-03,"Jersey City, NJ",city,algorithmic_rent_setting,Hudson County View: council approves RealPage ban (2025-05-22),Jersey City Ord. 25-057 (secondary),https://hudsoncountyview.com/jersey-city-council-approves-realpage-ban-and-increasing-benefits-for-laborers/,Hudson County View,secondary-news,none,D035,2026-10-03T18:51Z,1a62a55033ec56daa28b5e55278e73962d2cd205951750a9f3faade6f00aaf77,yes,support only
S-JC-04,"Jersey City, NJ",city,algorithmic_rent_setting,InsiderNJ press release: Ordinance 25-057 (first reading 2025-05-08),Jersey City Ord. 25-057 (secondary),https://www.insidernj.com/press-release/jersey-city-council-advances-ordinances-that-ban-ai-powered-rent-fixing-algorithms/,InsiderNJ,secondary-news,none,none,2026-10-03T20:14Z,a7e5869a89925973d8f405ee98aa3a26270f597ade952cea33cc8ac7ed526749,yes,live fetch
S-JC-05,"Jersey City, NJ",city,algorithmic_rent_setting,"Jersey City ordinance PDF ""Ordinance Amending Chapter 218 Section 12"" (civicweb)",Jersey City Code § 218-12,https://cityofjerseycity.civicweb.net/document/436629/Ordinance%20Amending%20Chapter%20218%20Section%2012.pdf,City of Jersey City,official,none,none,2026-10-03T20:15Z,3fa405a7893163d73a818ecf397989e5709ff2aa758f90b6f4bb88105c4f9aa8,yes,robots.txt disallowed fetch – NOT read; title only
S-HOB-01,"Hoboken, NJ",city,rent_increase_limits,Hoboken Code ch. 155 Rent Control – chapter index (ecode360),Hoboken Code ch. 155,https://ecode360.com/15252438,General Code (ecode360),official,none,D032,2026-10-03T19:02Z,0c427a93b011d6a60c37c6c1da16cccbbcfd010abd17134c87337c7aa97c98b6,yes,team single-page capture; ecode360 Terms of Use acknowledged
S-HOB-02,"Hoboken, NJ",city,rent_increase_limits,Hoboken Code ch. 155 Article II (ecode360) – § 155-5 increase cap,Hoboken Code § 155-5,https://ecode360.com/15252470,General Code (ecode360),official,none,D033,2026-10-03T18:51Z,56990e6554e32dedcb56fda00719782f6965426c56c7652660a846925188d164,yes,team single-page capture
S-HOB-03,"Hoboken, NJ",city,rent_increase_limits,Hoboken Code § 155-2 Exemptions (ecode360),Hoboken Code § 155-2,https://ecode360.com/15252441,General Code (ecode360),official,none,none,2026-10-03T20:16Z,6943e4699bcc80d2f961b527196f43501846ea7c402b5211eb4e4387ea34b0b0,yes,live single-page read; excerpt saved
S-HOB-04,"Hoboken, NJ",city,algorithmic_rent_setting,"Hoboken Code ch. 158 Rent Increases (ecode360) – Ord. B-750, B-781",Hoboken Code ch. 158,https://ecode360.com/46833413,General Code (ecode360),official,none,D034,2026-10-03T18:51Z,cae21f17c3eb481da9c228362af7708f701bd91508f20eac3d2744b2d55b101c,yes,team single-page capture
S-HOB-05,"Hoboken, NJ",city,algorithmic_rent_setting,Hoboken Girl: council prohibits rent-setting algorithms (2025-07-09),Hoboken Ord. B-781 (secondary),https://www.hobokengirl.com/hbooken-rent-setting-algorithm-prohibit/,Hoboken Girl,secondary-news,none,none,2026-10-03T20:16Z,7a0c9b8a23c10e7831f474faecc2a1f2a7dd6720ce2cdb56546885e7b9e01de4,yes,support only
S-NWK-01,"Newark, NJ",city,rent_increase_limits,Newark Code Title XIX ch. 19:2 Rent Control (ecode360),Newark Code § 19:2-3.1,https://ecode360.com/36623772,General Code (ecode360),official,none,D070,2026-10-03T18:53Z,006a573d9560bb495babfe9098ba2ecde474d38d6bcc13d14b06dd744ac08448,yes,team single-page capture
S-NWK-02,"Newark, NJ",city,screening_restrictions,Newark Code Title II ch. 2:31 Ban the Box (ecode360),Newark Code § 2:31-2,https://ecode360.com/36642000,General Code (ecode360),official,none,D072,2026-10-03T18:53Z,b9b3d389c1c8e8bf9148f787bb9eebd500ff16ed5fe4eda2b7e839dd0dbf6f2e,yes,team single-page capture
S-BOS-01,"Boston, MA",city,rent_increase_limits,Bill H.3744 (193rd) – Boston home-rule petition status,Mass. H.3744,https://malegislature.gov/Bills/193/H3744,Massachusetts General Court,official,D011,none,2026-10-01T22:35Z,93835654c3483e7b169677f7a3ccdcf021b6edab4ac81ab7ad3091903de71ff2,yes,corpus copy; study order 2024-09-09
S-BOS-02,"Boston, MA",city,just_cause_eviction,Boston.gov – Housing Stability Notification Act,Boston Code ch. 9 § 9-20,https://www.boston.gov/housing-stability-notification-act,City of Boston,official-agency,D013,none,2026-10-01T22:35Z,49b8ad77c47ac7a12afc5a1451cc38e8d908b45f83c922cbd2ee2eb320b715f0,yes,corpus copy
S-BOS-03,"Boston, MA",city,just_cause_eviction,Boston HSNA Tenant FAQs (PDF),Boston Code ch. 9 § 9-20,https://www.boston.gov/sites/default/files/file/2020/11/Housing%20Stability%20Notification%20Act%20Tenant%20FAQs.pdf,City of Boston,official-agency,D014,none,2026-10-01T22:35Z,70574b2f50c363398d635ef9cc92eed83ba4eca0e404a04ec04bfba004ff9606,yes,corpus copy; effective 2020-11-06
S-BOS-04,"Boston, MA",city,screening_restrictions,"Boston Fair Chance Tenant Selection Policy (DND, Feb 2017)",Boston DND policy,https://drive.google.com/file/d/1j4U3fDtmnYuwcUWhx5BMUcXc1bnKT8Ku/view?usp=sharing,City of Boston DND (via organisers),official-agency,D010,none,2026-10-01T22:44Z,61380f45cb66d87065eb029b6f5ee54dc704a0d059acc6136477337ce5f0cb73,yes,corpus copy
S-BOS-05,"Boston, MA",city,screening_restrictions,Boston Fair Housing Regulations page,Boston Fair Housing Commission,https://www.boston.gov/departments/fair-housing-and-equity/boston-fair-housing-regulations,City of Boston,official-agency,D012,none,2026-10-01T22:35Z,aaed5c3d1e3aacb57a1f9a8fa9e855ecaa857bdbedc3d7b99a1992e7fc0aed0f,yes,corpus copy
S-CAM-01,"Cambridge, MA",city,just_cause_eviction,Cambridge – Tenants Rights and Resources Notification Ordinance (ch. 8.71),Cambridge Mun. Code ch. 8.71,https://www.cambridgema.gov/tenantrights,City of Cambridge,official-agency,D031,none,2026-10-01T22:36Z,65ffa9dca5815b925debf63d1ff0974f710aed6614723f28d722209094a36b20,yes,corpus copy
S-CAM-02,"Cambridge, MA",city,screening_restrictions,Cambridge Human Rights Commission (Fair Housing Ordinance ch. 14.04),Cambridge Mun. Code ch. 14.04,https://www.cambridgema.gov/departments/humanrightscommission,City of Cambridge,official-agency,D029,none,2026-10-01T22:36Z,ce40e4d452c15e43e1bb07e7f03f7bd2bd738b2da614d1d21b7826f7e581e01c,yes,corpus copy
S-CAM-03,"Cambridge, MA",city,algorithmic_rent_setting,Cambridge Day: council policy order on rental algorithms (2026-06-25),n/a (policy order),https://www.cambridgeday.com/?p=158097,Cambridge Day,secondary-news,none,D030,2026-10-03T18:50Z,2d3222038257ccb8dbd92c3a1afbba13f19b05709adb7b8be84304a309000f72,yes,support only
S-MA-10,MA,state,application_screening_fees,"M.G.L. c.112, § 87DDD½","M.G.L. c.112, § 87DDD½",https://malegislature.gov/Laws/GeneralLaws/PartI/TitleXVI/Chapter112/Section87DDD%201~2,Massachusetts General Court,official,D057,none,2026-10-01T22:56Z,c678b42f8fc6ecfc7c7a6b1bdf6c68aec877daa80a53d62d5d2ca8176c967d7b,yes,corpus copy; added v0.3 (L096)
S-MA-11,MA,state,screening_restrictions,803 CMR 5.00 CORI – housing (NOT CAPTURED),803 CMR 5.00,https://www.mass.gov/doc/803-cmr-5-criminal-offender-record-information-cori-housing/download,Mass. DCJIS (mass.gov),official,D056,none,,d5ac25869c80cd3edbed611d84f82e05d1c0fd5ffcb2d664299ff1f36b4cb428,yes,403 on organisers and team capture; no text saved; added v0.3 (L097)
S-MAN-01,"Boston, MA",city,screening_restrictions,"Boston Fair Chance Tenant Selection Policy (DND, Feb 2017) – manual PDF/txt","Boston Fair Chance Tenant Selection Policy (DND, February 2017)",sources/manual/BOS-SCRN-02_boston_fair_chance_policy_2017.pdf,City of Boston DND,official-agency,D010,none,2026-10-04,b15ce9bcd88eb5e2cc7f2dbe1c0c959c47c07e03df19e52030e43aa4858a41c0,yes,manual download by Hamza; pdftotext .txt alongside
S-MAN-02,"Boston, MA",city,screening_restrictions,Boston Bar Journal (31 Aug 2023) – scope of Boston Fair Chance policy,secondary,sources/manual/BOS-SCRN-02_secondary_BBJ_2023.pdf,Boston Bar Journal,secondary-news,none,none,2026-10-04,26b16a9333e3faf107e031f35aeeff81379dd64387a7903ebc51d4531bba74c7,yes,manual download by Hamza; PDF only
S-MAN-03,MA,state,screening_restrictions,803 CMR 5.00 CORI – Housing (manual PDF/txt),803 CMR 5.00,sources/manual/MA-SCRN-02_803_CMR_5.pdf,Mass. DCJIS,official,D056,none,2026-10-04,78fbabe686385ac9f8e4a7e0ad69473db1a21fd0c545ec34f768c0b40a270cc9,yes,manual download by Hamza (mass.gov blocked captures); pages dated 6/11/21
S-MAN-04,MA,state,screening_restrictions,M.G.L. c.6 § 172 (FindLaw mirror; manual),"M.G.L. c.6, § 172(a)(3)",https://codes.findlaw.com/ma/part-i-administration-of-the-government-ch-1-182/ma-gen-laws-ch-6-sect-172/,FindLaw (mirror),secondary-news,none,none,2026-10-04,794cdd2f94839881f83220069e08cdf119f4889c1e7980e5a8181174b29f9e41,yes,official malegislature.gov page timed out twice on 2026-10-03
S-MAN-05,"Jersey City, NJ",city,algorithmic_rent_setting,Jersey City Ord. 25-057 adopted copy (city clerk) – manual PDF/txt,Jersey City Code § 218-12 (Ord. 25-057),sources/manual/JC-ALG-01_Ord_25-057_adopted.pdf,City of Jersey City (City Clerk),official,none,none,2026-10-04,b0c5492027b1407ef7cb5a16630175ef787207214fcf01321671b18e47f39210,yes,"manual download by Hamza; adopted 2025-05-21, Mayor 2025-05-22"
S-MAN-06,"Jersey City, NJ",city,algorithmic_rent_setting,Jersey City Ord. 25-057 first-reading legal advertisement,Ord. 25-057 (first reading),sources/manual/JC-ALG-01_Ord_25-057_first_reading_ad.pdf,City of Jersey City,official,none,none,2026-10-04,26b16a9333e3faf107e031f35aeeff81379dd64387a7903ebc51d4531bba74c7,yes,manual download by Hamza; PDF only
S-MAN-07,"Hoboken, NJ",city,algorithmic_rent_setting,Hoboken Code ch. 158 full chapter (ecode360 PDF) – manual,"Hoboken Code §§ 158-1, 158-2",sources/manual/HOB-ALG-01_Hoboken_ch158_ecode360.pdf,General Code (ecode360),official,none,D034,2026-10-04,b974c8cad10b4ea78b4ca9938ebb83493283c9753e6de5d4155771f369688513,yes,manual download by Hamza (PDF dated 2026-10-03)
S-MAN-08,CA,state,algorithmic_rent_setting,Cal. Bus. & Prof. Code § 16729 (Justia mirror) – manual,Cal. Bus. & Prof. Code § 16729,sources/manual/CA-ALG-01_BPC_16729_justia.pdf,Justia (mirror),secondary-news,D022,D093,2026-10-04,f3cab6a2d8071e4e8f2c925e4bd8eda2c1a9c78de22fd15358f5437cd85d8251,yes,manual download by Hamza; official page captured as D093
S-MAN-09,MA,state,rent_increase_limits,"Cella v. Attorney General, SJC-13893 slip opinion – manual","Cella v. Attorney General, SJC-13893 (Mass. 2026-06-23)",sources/manual/MA-RENT-P1_Cella_v_AG_SJC-13893.pdf,Supreme Judicial Court of Massachusetts,official,none,D059,2026-10-04,f6759a83bf67e3ca86d64f3a93ae25bd6bf94d16ce0581affb82a9422461e47c,yes,manual download by Hamza
S-MAN-10,MA,state,application_screening_fees,M.G.L. c.112 § 87DDD½ (Trial Court Law Libraries text) – manual,"M.G.L. c.112, § 87DDD½",sources/manual/MA-FEE-02_c112_87DDD-half_masslaw.pdf,Mass. Trial Court Law Libraries,official-agency,D057,none,2026-10-04,162b52c8ad1e219540f634b1d90005aaa99458918ed3b11dca7cde9e7ba5b5a1,yes,"manual download by Hamza; ""effective August 1, 2025"""
S-MAN-11,"Berkeley, CA",city,rent_increase_limits,Berkeley Rent Board – Annual General Adjustment page – manual,Berkeley Mun. Code § 13.76.110,sources/manual/BERK-RENT-01_AGA_page.pdf,Berkeley Rent Stabilization Board,official-agency,D008,none,2026-10-04,2096ad477b14ddbd0085467bb2645077907488e7f74f136a131c363fe22f5e49,yes,"manual download by Hamza; ""The AGA for 2026 is 1.0%"""
S-MAN-12,CA,state,screening_restrictions,Cal. Gov. Code § 12955 (Justia mirror) – manual,Cal. Gov. Code § 12955,sources/manual/CA-SCRN-01_Gov_12955_justia.pdf,Justia (mirror),secondary-news,D027,D021,2026-10-04,362c9822ddb6d6265fc42a8b00bd53f212fe6c2e2888fbf83410db89486f8d6c,yes,manual download by Hamza
S-MAN-13,NJ,state,algorithmic_rent_setting,NJ State Policy Lab note on the FAIR Act (27 Jul 2026),"P.L.2026, c.43 (secondary)",sources/manual/NJ-ALG-01_secondary_NJ_State_Policy_Lab_2026-07-27.pdf,NJ State Policy Lab,secondary-news,D069,none,2026-10-04,26b16a9333e3faf107e031f35aeeff81379dd64387a7903ebc51d4531bba74c7,yes,manual download by Hamza; PDF only
S-MAN-14,"Los Angeles, CA",city,just_cause_eviction,"LAMC ch. XV art. 1 (RSO) full text incl. §§ 151.02, 151.06, 151.06.02, 151.09 – manual","L.A. Mun. Code §§ 151.02, 151.06, 151.06.02, 151.09",sources/manual/LA-JUST-02_LAMC_ch15_art1_151.txt,American Legal Publishing (via Hamza),official,none,D038,2026-10-04,6df6d33a66395f5b0d8f377f103cbfb5d42bcfa05f2841c159d3f48a778dff6b,yes,manual capture by Hamza (text only)
S-SA-06,"Santa Ana, CA",city,algorithmic_rent_setting,santa-ana.gov news: council bans anticompetitive rent-setting software,Santa Ana Ord. NS-3090 (uncodified),https://santa-ana.gov/santa-ana-city-council-continues-to-strengthen-tenant-protections-by-banning-anticompetitive-rent-setting-software/,City of Santa Ana,official,none,D088,2026-10-03T22:34Z,fda277438f4b2faafaab0e1c7af9d1d45bd48e13ae959d61ad7a82ee5c937c61,yes,team capture (curl single page)
S-SA-07,"Santa Ana, CA",city,algorithmic_rent_setting,santa-ana.gov Rent Stabilization Newsletter March 2026,Santa Ana Ord. NS-3090 (uncodified),https://santa-ana.gov/rent-stabilization-newsletter-march-2026/,City of Santa Ana,official,none,D089,2026-10-03T22:34Z,d31da37c26a525d37c2a09d14eb81dad65498a2b5ece642de69bdc957c4a674a,yes,"team capture: ""Approved on March 3, 2026"""
S-BOS-06,"Boston, MA",city,just_cause_eviction,Boston HSNA ordinance text (PDF),"Boston Code ch. X, § 10-11",https://www.boston.gov/sites/default/files/file/2021/03/Housing%20Stability%20Notification%20Act.pdf,City of Boston,official,none,D090,2026-10-03T22:34Z,98c4ab3841abe2caf674bcb3b6d35e46de64bb1a41bbeb61d100ab98c13b33ba,yes,team capture (curl + pdftotext)
S-BK-10,"Berkeley, CA",city,application_screening_fees,BMC 13.78.016 (code publisher; verbatim section excerpt),Berkeley Mun. Code § 13.78.016,https://berkeley.municipal.codes/BMC/13.78.016,City of Berkeley (code publisher),official,none,D091,2026-10-03T22:36Z,55fe98a57cb0cdd76baec0989cb7561204ecb275ace0a08e35f006a3a73b0317,yes,curl 403; WebFetch verbatim section saved (excerpt)
S-BK-11,"Berkeley, CA",city,application_screening_fees,BMC 13.78.010 (code publisher; verbatim section excerpt),Berkeley Mun. Code § 13.78.010,https://berkeley.municipal.codes/BMC/13.78.010,City of Berkeley (code publisher),official,none,D092,2026-10-03T22:36Z,d0ca4e74c4882e8745623500d54a10cc3e8d930dbd75fd145a8c512149a9288d,yes,curl 403; WebFetch verbatim section saved (excerpt)
S-CA-09,CA,state,algorithmic_rent_setting,Cal. Bus. & Prof. Code § 16729 (official leginfo section page),Cal. Bus. & Prof. Code § 16729,https://leginfo.legislature.ca.gov/faces/codes_displaySection.xhtml?lawCode=BPC&sectionNum=16729,California Legislative Information,official,none,D093,2026-10-03T22:34Z,9dab9cdc887c056d92ef65d5395a3341a63e172d777a06fcba4f49b262bfeef3,yes,"team capture (curl single page succeeded): history note ""Effective January 1, 2026."""
S-HOB-06,"Hoboken, NJ",city,algorithmic_rent_setting,hobokennj.gov news: city to introduce algorithmic rent-fixing ordinance (2025-05-30),Hoboken Ord. B-781 (introduction),https://www.hobokennj.gov/news/city-of-hoboken-to-introduce-ordinance-prohibiting-algorithmic-rent-fixing,City of Hoboken,official,none,D095,2026-10-03T22:34Z,c8faba210325b980b5fac6a18a5cd62da745be8d6b84c109603cffcd2f9dd8ec,yes,team capture (curl single page)
S-SD-06,"San Diego, CA",city,screening_restrictions,SDMC ch. 9 art. 8 div. 8 (official PDF) – team re-capture as D075,San Diego Mun. Code §§ 98.0801–98.0803,https://docs.sandiego.gov/municode/municodechapter09/ch09art08division08.pdf,City of San Diego,official,none,D075,2026-10-03T21:16Z,3a7cf2c9e63397ae6d79f4f2871ef536e8577c013387e2d8e6f22d5ff3fd9ff5,yes,team re-capture (replaces the TOC-only gocodebook capture)
S-MAN-15,"Hoboken, NJ",city,rent_increase_limits,Hoboken Code ch. 155 Rent Control – full chapter (ecode360 PDF) – manual,"Hoboken Code §§ 155-2, 155-5",sources/manual/HOB-RENT-01_Hoboken_ch155_ecode360.pdf,General Code (ecode360),official,none,"D032,D033",2026-10-04,a8c688b56b9b2de375622a715ca0449ad11a3ed122f5b408d2aa96dff078bf82,yes,manual download by Hamza (PDF dated 2026-10-03); pdftotext .txt alongside; supersedes the TOC-only D032 and the Article II page D033 as the primary text for HOB-RENT-01
S-MA-12,MA,state,screening_restrictions,"M.G.L. c.6, § 172 (official malegislature.gov page)","M.G.L. c.6, § 172(a)(3)",https://malegislature.gov/Laws/GeneralLaws/PartI/TitleII/Chapter6/Section172,Massachusetts General Court,official,none,D094,2026-10-03T22:58Z,bc8bcf0776924a395a0cd6b752bd7703821cf3bbe5035337794c6d153455e37f,yes,"team capture D094 (cloud-workspace curl, single page) after TLS failures from the Mac VM; supersedes the FindLaw mirror S-MAN-04 as the basis for MA-SCRN-02"
