team_rule_id,jurisdiction,category,citation,primary_before,primary_after,evidence_basis,how
r-0045,NJ,application_screening_fees,"N.J.S.A. 46:8-18.1; P.L. 2025, c.405",D066,D066,supplied_corpus,primary already from supplied corpus
r-0008,"Boston, MA",just_cause_eviction,Boston Municipal Code § 10-11.7 (Housing Stability Notification Act),D014,D014,supplied_corpus,primary already from supplied corpus
r-0009,"Boston, MA",just_cause_eviction,"Mass. H.3744 (193rd General Court, 2023-2024)",D011,D011,supplied_corpus,primary already from supplied corpus
r-0056,"San Diego, CA",screening_restrictions,San Diego Municipal Code §§ 98.0801-98.0806 (Ord. O-20986 N.S.),D075,D075,link_only_capture,no supplied-corpus text supports this rule
r-0016,CA,rent_increase_limits,Cal. Civ. Code § 1947.12,D024,D024,supplied_corpus,primary already from supplied corpus
r-0019,CA,security_deposits,Cal. Civ. Code § 1950.5,D025,D025,supplied_corpus,primary already from supplied corpus
r-0038,MA,rent_increase_limits,"M.G.L. c. 40P, § 4",D048,D048,supplied_corpus,primary already from supplied corpus
r-0039,MA,rent_increase_limits,"M.G.L. c. 40P, §§ 2-3",M_MA-RENT-P1_Cella_v_AG_SJC-13893,M_MA-RENT-P1_Cella_v_AG_SJC-13893,manual_primary,no supplied-corpus text supports this rule
r-0037,MA,rent_increase_limits,"Initiative Petition 25-21; Mass. Const. Amend. art. 48, The Initiative, II, § 2; Cella v. Attorney General, SJC-13893 (2026)",M_MA-RENT-P1_Cella_v_AG_SJC-13893,M_MA-RENT-P1_Cella_v_AG_SJC-13893,manual_primary,no supplied-corpus text supports this rule
r-0040,MA,rent_increase_limits,"Mass. Const. amend. art. 48, The Initiative, Pt. II, § 2 (SJC ruling, June 2026)",D059,D059,link_only_capture,no supplied-corpus text supports this rule
r-0041,MA,screening_restrictions,"M.G.L. c. 151B, § 4(10)",D049,D049,supplied_corpus,primary already from supplied corpus
r-0042,MA,screening_restrictions,"M.G.L. c. 6, § 172(a)(3), (c)",D094,D094,link_only_capture,no supplied-corpus text supports this rule
r-0043,MA,security_deposits,"M.G.L. c. 186, § 15B",D052,D052,supplied_corpus,primary already from supplied corpus
r-0050,NJ,screening_restrictions,"N.J.S.A. 46:8-52 et seq. (P.L. 2021, c.110)",D065,D065,supplied_corpus,primary already from supplied corpus
r-0049,NJ,screening_restrictions,N.J.S.A. 10:5-12 (NJ Law Against Discrimination),D068,D068,supplied_corpus,primary already from supplied corpus
r-0051,NJ,security_deposits,N.J.S.A. 46:8-21.2; N.J.S.A. 46:8-19; N.J.S.A. 46:8-21.1,D067,D067,supplied_corpus,primary already from supplied corpus
r-0046,NJ,just_cause_eviction,N.J.S.A. 2A:18-61.1 et seq.; N.J.S.A. 2A:18-53,D067,D067,supplied_corpus,primary already from supplied corpus
r-0047,NJ,just_cause_eviction,N.J.S.A. 2A:18-61.3,D067,D067,supplied_corpus,primary already from supplied corpus
r-0044,NJ,algorithmic_rent_setting,"P.L. 2026, c.43 (C.56:9-20 to 56:9-26)",D069,D069,supplied_corpus,primary already from supplied corpus
r-0055,"San Diego, CA",just_cause_eviction,San Diego Municipal Code §§ 98.0701–98.0710,D073,D073,supplied_corpus,primary already from supplied corpus
r-0005,"Berkeley, CA",rent_increase_limits,Berkeley Municipal Code § 13.76.110(A); Berkeley Rent Stabilization Board Regulation 1148,D008,D008,supplied_corpus,primary already from supplied corpus
r-0029,"Los Angeles, CA",just_cause_eviction,"L.A.M.C. §§ 151.09, 165.03, 165.06; L.A.M.C. §§ 47.06-47.07",D043,D043,supplied_corpus,primary already from supplied corpus
r-0028,"Los Angeles, CA",just_cause_eviction,L.A. Mun. Code § 165.00 et seq. (Just Cause for Eviction Ordinance),D040,D040,supplied_corpus,primary already from supplied corpus
r-0001,"Berkeley, CA",algorithmic_rent_setting,"Berkeley Municipal Code § 13.63.030 (Ord. No. 7,992-N.S.)",D001,D001,supplied_corpus,primary already from supplied corpus
r-0002,"Berkeley, CA",application_screening_fees,BMC 13.78.010,D005,D005,supplied_corpus,primary already from supplied corpus
r-0003,"Berkeley, CA",application_screening_fees,BMC 13.78.016,D005,D005,supplied_corpus,primary already from supplied corpus
r-0004,"Berkeley, CA",just_cause_eviction,"Berkeley Municipal Code ch. 13.76 (Rent Stabilization and Eviction for Good Cause Ordinance), as amended by Measure BB (Nov. 2024)",D006,D006,supplied_corpus,primary already from supplied corpus
r-0013,CA,algorithmic_rent_setting,Cal. Bus. & Prof. Code § 16729,D022,D022,supplied_corpus,primary already from supplied corpus
r-0015,CA,just_cause_eviction,Cal. Civ. Code § 1946.2,D023,D023,supplied_corpus,primary already from supplied corpus
r-0014,CA,application_screening_fees,Cal. Civ. Code § 1950.6,D026,D026,supplied_corpus,primary already from supplied corpus
r-0048,NJ,rent_increase_limits,N.J.S.A. 2A:18-61.1(f); N.J.S.A. 2A:42-84.5,D067,D067,supplied_corpus,primary already from supplied corpus
r-0064,"Santa Ana, CA",rent_increase_limits,"Santa Ana Municipal Code, Rent Stabilization Ordinance (section number not stated in source)",D085,D085,supplied_corpus,primary already from supplied corpus
r-0063,"Santa Ana, CA",just_cause_eviction,"Santa Ana Municipal Code, Just Cause Eviction Ordinance (section number not stated in source)",D085,D085,supplied_corpus,primary already from supplied corpus
r-0018,CA,screening_restrictions,Cal. Gov. Code § 12955,D027,D027,supplied_corpus,primary already from supplied corpus
r-0017,CA,screening_restrictions,"Cal. Code Regs. tit. 2, § 12265 (Civil Rights Council regulations, eff. 2020-01-01)",D015,D015,link_only_capture,no supplied-corpus text supports this rule
r-0007,"Berkeley, CA",security_deposits,Berkeley Municipal Code ch. 13.76 (Rent Stabilization and Eviction for Good Cause Ordinance),D009,D009,supplied_corpus,primary already from supplied corpus
r-0035,MA,application_screening_fees,"M.G.L. c. 112, § 87DDD½, as amended by St. 2025, c. 9, § 43",D057,D057,supplied_corpus,primary already from supplied corpus
r-0036,MA,application_screening_fees,"M.G.L. c. 186, § 15B; 254 C.M.R. 7",D054,D054,link_only_capture,no supplied-corpus text supports this rule
r-0060,"San Francisco, CA",screening_restrictions,S.F. Police Code art. 49 (Fair Chance Ordinance),D078,D078,supplied_corpus,primary already from supplied corpus
r-0058,"San Francisco, CA",just_cause_eviction,S.F. Admin. Code § 37.9(a),D079,D079,supplied_corpus,primary already from supplied corpus
r-0057,"San Francisco, CA",algorithmic_rent_setting,S.F. Admin. Code § 37.10C,D081,D081,supplied_corpus,primary already from supplied corpus
r-0006,"Berkeley, CA",screening_restrictions,Berkeley Municipal Code ch. 13.106,D003,D003,supplied_corpus,primary already from supplied corpus
r-0021,"Cambridge, MA",just_cause_eviction,Cambridge Municipal Code ch. 8.71,D031,D031,supplied_corpus,primary already from supplied corpus
r-0059,"San Francisco, CA",rent_increase_limits,"S.F. Admin. Code ch. 37 (Rent Ordinance), § 37.3",D080,D080,supplied_corpus,primary already from supplied corpus
r-0026,"Jersey City, NJ",algorithmic_rent_setting,Jersey City Code § 218-12 (Ord. 25-057),M_JC-ALG-01_Ord_25-057_adopted,M_JC-ALG-01_Ord_25-057_adopted,manual_primary,no supplied-corpus text supports this rule
r-0061,"San Francisco, CA",security_deposits,S.F. Admin. Code § 49.2,D083,D083,supplied_corpus,primary already from supplied corpus
r-0011,"Boston, MA",screening_restrictions,Boston DND Fair Chance Tenant Selection Policy (Feb. 2017),M_BOS-SCRN-02_boston_fair_chance_policy_2017,D010,supplied_corpus,switched to folded corpus record D010
r-0012,"Boston, MA",screening_restrictions,"Boston Fair Housing Commission regulations; see also M.G.L. c. 151B, § 4(10)",D012,D012,supplied_corpus,primary already from supplied corpus
r-0030,"Los Angeles, CA",rent_increase_limits,"L.A.M.C. ch. XV, art. 1, § 151.00 et seq. (Rent Stabilization Ordinance)",D041,D041,supplied_corpus,primary already from supplied corpus
r-0062,"Santa Ana, CA",algorithmic_rent_setting,Santa Ana Ordinance No. NS-3090,D002,D002,link_only_capture,no supplied-corpus text supports this rule
r-0022,"Cambridge, MA",screening_restrictions,Cambridge Municipal Code ch. 14.04 (Fair Housing Ordinance),D029,D029,supplied_corpus,primary already from supplied corpus
r-0027,"Jersey City, NJ",rent_increase_limits,Jersey City Municipal Code ch. 260,D036,D036,supplied_corpus,primary already from supplied corpus
r-0054,"San Diego, CA",algorithmic_rent_setting,San Diego Municipal Code § 98.1103 (Ord. O-21955 N.S.),D074,D076,supplied_corpus,quote found verbatim in corpus doc D076
r-0023,"Hoboken, NJ",algorithmic_rent_setting,Hoboken Code § 158-2 (Ord. No. B-781),M_HOB-ALG-01_Hoboken_ch158_ecode360,M_HOB-ALG-01_Hoboken_ch158_ecode360,manual_primary,no supplied-corpus text supports this rule
r-0025,"Hoboken, NJ",rent_increase_limits,Hoboken Code § 155-5,D032,D032,link_only_capture,no supplied-corpus text supports this rule
r-0024,"Hoboken, NJ",rent_increase_limits,Hoboken City Code § 158-1 (Ord. No. B-750),D034,D034,link_only_capture,no supplied-corpus text supports this rule
r-0053,"Newark, NJ",screening_restrictions,"Newark Municipal Code § 2:31-1 to 2:31-9 (Ord. 6 PSF-B, 4-15-2015)",D072,D072,link_only_capture,no supplied-corpus text supports this rule
r-0031,"Los Angeles, CA",screening_restrictions,L.A.M.C. § 45.67,D038,D038,link_only_capture,no supplied-corpus text supports this rule
r-0052,"Newark, NJ",rent_increase_limits,"Newark, N.J., Code § 19:2-3.1",D070,D070,link_only_capture,no supplied-corpus text supports this rule
r-0032,"Los Angeles, CA",security_deposits,L.A.M.C. § 151.06.02 B,M_LA-JUST-02_LAMC_ch15_art1_151,M_LA-JUST-02_LAMC_ch15_art1_151,manual_primary,no supplied-corpus text supports this rule
r-0010,"Boston, MA",rent_increase_limits,"Mass. H.3744 (193rd General Court, 2023-2024)",D011,D011,supplied_corpus,primary already from supplied corpus
r-0033,MA,algorithmic_rent_setting,"H.5222, 194th Gen. Court (Mass. 2025-2026) (new draft of H.1564)",D045,D045,supplied_corpus,primary already from supplied corpus
r-0034,MA,algorithmic_rent_setting,"Mass. S. 2983, 194th Gen. Ct. (2025-2026)",D046,D046,supplied_corpus,primary already from supplied corpus
r-0020,"Cambridge, MA",algorithmic_rent_setting,"Cambridge City Council policy order (June 2026), directing city manager to draft ordinance language; no ordinance cited",D030,D030,link_only_capture,no supplied-corpus text supports this rule
