address_id,match,matched_address,lon,lat,state_fips,county_fips,place,method
A0001,Match,"6238 DE LONGPRE AVE, LOS ANGELES, CA, 90028",-118.324865073863,34.096133031379,06,037,Los Angeles city,census
A0002,Match,"1035 CLINTON ST, HOBOKEN, NJ, 07030",-74.03181724923,40.74981078208,34,017,Hoboken city,census
A0003,Match,"878 S 14TH ST, NEWARK, NJ, 07108",-74.210426110952,40.724856764464,34,013,Newark city,census
A0004,Match,"10050 MOUNTAIR AVE, TUJUNGA, CA, 91042",-118.293109199528,34.251842346844,06,037,Los Angeles city,census
A0005,Match,"1609 ADDISON ST, BERKELEY, CA, 94703",-122.279293972449,37.869830696926,06,001,Berkeley city,census
A0006,Match,"71 WESTLAND AVE, BOSTON, MA, 02115",-71.08876547331,42.343794186875,25,025,Boston city,census
A0007,Match,"4257 SAN PEDRO PL, LOS ANGELES, CA, 90011",-118.271165204282,34.006235579229,06,037,Los Angeles city,census
A0008,Match,"1065 SUMMIT AVE, JERSEY CITY, NJ, 07307",-74.049026204465,40.751069898526,34,017,Jersey City city,census
A0009,Tie,,,,,,,
A0010,Match,"134 OXFORD ST, CAMBRIDGE, MA, 02140",-71.1160583909,42.385333082376,25,017,Cambridge city,census
A0011,Match,"836 RAYMOND BLVD, NEWARK, NJ, 07105",-74.156177797252,40.732646449965,34,013,Newark city,census
A0012,Match,"1064 SUMMIT AVE, JERSEY CITY, NJ, 07307",-74.048775549263,40.751188750138,34,017,Jersey City city,census
A0013,Match,"137 N 11TH ST, NEWARK, NJ, 07107",-74.191694841632,40.759893850085,34,013,Newark city,census
A0014,Match,"5907 CAHUENGA BLVD, NORTH HOLLYWOOD, CA, 91601",-118.361636078081,34.177801731811,06,037,Los Angeles city,census
A0015,Match,"15 EVERETT ST, CAMBRIDGE, MA, 02138",-71.118720021347,42.379980886163,25,017,Cambridge city,census
A0016,Match,"3515 FILLMORE ST, SAN FRANCISCO, CA, 94123",-122.436684852142,37.801874337429,06,075,San Francisco city,census
A0017,Match,"225 DUNCAN AVE, JERSEY CITY, NJ, 07306",-74.079234576768,40.7277629714,34,017,Jersey City city,census
A0018,Match,"1906 BONITA AVE, BERKELEY, CA, 94704",-122.272116073506,37.873088577747,06,001,Berkeley city,census
A0019,Match,"3820 HAINES ST, SAN DIEGO, CA, 92109",-117.239511773112,32.788734586305,06,073,San Diego city,census
A0020,Match,"648 N 6TH ST, NEWARK, NJ, 07107",-74.180587460657,40.771224225449,34,013,Newark city,census
A0021,Match,"22 PRECITA AVE, SAN FRANCISCO, CA, 94110",-122.418913690663,37.746697199975,06,075,San Francisco city,census
A0022,Match,"10908 HARTSOOK ST, NORTH HOLLYWOOD, CA, 91601",-118.368312978253,34.163485706471,06,037,Los Angeles city,census
A0023,Match,"843 IROLO ST, LOS ANGELES, CA, 90005",-118.300958567015,34.0569182313,06,037,Los Angeles city,census
A0024,Match,"227 CHARLES ST, CAMBRIDGE, MA, 02141",-71.084850671785,42.368207474124,25,017,Cambridge city,census
A0025,Match,"2341 8TH ST, BERKELEY, CA, 94710",-122.293815269518,37.863231048622,06,001,Berkeley city,census
A0026,Match,"59 OAK ST, JERSEY CITY, NJ, 07304",-74.076996657496,40.713718828723,34,017,Jersey City city,census
A0027,Match,"3918 FULTON ST, SAN FRANCISCO, CA, 94118",-122.473684296131,37.773108534668,06,075,San Francisco city,census
A0028,Match,"585 N 5TH ST, NEWARK, NJ, 07107",-74.180832847404,40.768516151715,34,013,Newark city,census
A0029,Match,"284 VERONA AVE, NEWARK, NJ, 07104",-74.166168698177,40.78286229736,34,013,Newark city,census
A0030,Match,"2051 DIVISADERO ST, SAN FRANCISCO, CA, 94115",-122.440651886856,37.788524403095,06,075,San Francisco city,census
A0031,Match,"5624 S SAN PEDRO ST, LOS ANGELES, CA, 90011",-118.270046050706,33.991312087929,06,037,Los Angeles city,census
A0032,Match,"63 OAK ST, JERSEY CITY, NJ, 07304",-74.077148779124,40.7137999274,34,017,Jersey City city,census
A0033,Match,"1260 KEARNY ST, SAN FRANCISCO, CA, 94133",-122.405709002561,37.79964889858,06,075,San Francisco city,census
A0034,Match,"25 GORE ST, CAMBRIDGE, MA, 02141",-71.079128226997,42.371703436562,25,017,Cambridge city,census
A0035,Match,"5239 HARMONY AVE, NORTH HOLLYWOOD, CA, 91601",-118.366516457468,34.165618179362,06,037,Los Angeles city,census
A0036,Match,"33 WARD ST, SOUTH BOSTON, MA, 02127",-71.054524489253,42.32946722555,25,025,Boston city,census
A0037,Match,"770 IROLO ST, LOS ANGELES, CA, 90005",-118.300824624602,34.058302827517,06,037,Los Angeles city,census
A0038,Match,"154 YUKON ST, SAN FRANCISCO, CA, 94114",-122.442397125228,37.757178828285,06,075,San Francisco city,census
A0039,Match,"1 CRAIGIE ST, CAMBRIDGE, MA, 02138",-71.125838882455,42.379449621711,25,017,Cambridge city,census
A0040,Match,"75 JACKSON ST, HOBOKEN, NJ, 07030",-74.041089522043,40.738840718117,34,017,Hoboken city,census
A0041,Match,"122 TIFFANY AVE, SAN FRANCISCO, CA, 94110",-122.421406384884,37.744990908268,06,075,San Francisco city,census
A0042,Match,"320 FORREST ST, JERSEY CITY, NJ, 07304",-74.077362139063,40.713202456168,34,017,Jersey City city,census
A0043,Match,"4 ORCHARD ST, CAMBRIDGE, MA, 02140",-71.119075629483,42.390119763731,25,017,Cambridge city,census
A0044,Match,"775 SANDFORD AVE, NEWARK, NJ, 07106",-74.237036956138,40.735737050359,34,013,Newark city,census
A0045,Match,"12829 BRANFORD ST, PACOIMA, CA, 91331",-118.41212012105,34.241771886514,06,037,Los Angeles city,census
A0046,Match,"12 SODEN ST, CAMBRIDGE, MA, 02139",-71.108340513884,42.365690566108,25,017,Cambridge city,census
A0047,Match,"14 RUTGERS AVE, JERSEY CITY, NJ, 07305",-74.090865859165,40.698116647571,34,017,Jersey City city,census
A0048,Match,"1619 COMMONWEALTH AVE, BRIGHTON, MA, 02135",-71.143549067491,42.343402761946,25,025,Boston city,census
A0049,Match,"721 CLINTON ST, HOBOKEN, NJ, 07030",-74.033058218101,40.745798808889,34,017,Hoboken city,census
A0050,Match,"36 HOFF ST, SAN FRANCISCO, CA, 94110",-122.420573521471,37.764124413322,06,075,San Francisco city,census
A0051,Match,"65 OAKLAND AVE, JERSEY CITY, NJ, 07306",-74.055436604985,40.734681117954,34,017,Jersey City city,census
A0052,Match,"88 GARDNER ST, ALLSTON, MA, 02134",-71.125813095903,42.353518237841,25,025,Boston city,census
A0053,Match,"32 GARRISON ST, BOSTON, MA, 02116",-71.07944707371,42.345890982312,25,025,Boston city,census
A0054,Match,"13 SHETLAND ST, ROXBURY, MA, 02119",-71.068028337557,42.324986499476,25,025,Boston city,census
A0055,Match,"305 10TH AVE, SAN FRANCISCO, CA, 94118",-122.46876702789,37.782619210817,06,075,San Francisco city,census
A0056,Match,"43 EDGERLY RD, BOSTON, MA, 02115",-71.087947355571,42.345644184192,25,025,Boston city,census
A0057,Match,"57 STONE ST, NEWARK, NJ, 07104",-74.174377039669,40.753432421375,34,013,Newark city,census
A0058,Match,"3137 BOSTON AVE, SAN DIEGO, CA, 92113",-117.126888325341,32.693817730505,06,073,San Diego city,census
A0059,Match,"86 WALNUT ST, NEWARK, NJ, 07102",-74.170855709577,40.729215526845,34,013,Newark city,census
A0060,Match,"5737 WILLOWCREST AVE, NORTH HOLLYWOOD, CA, 91601",-118.362720761505,34.174656039346,06,037,Los Angeles city,census
A0061,Match,"106 18TH AVE, SAN FRANCISCO, CA, 94121",-122.477559726965,37.785919313984,06,075,San Francisco city,census
A0062,Match,"77 HOFF ST, SAN FRANCISCO, CA, 94110",-122.420395727367,37.763766231452,06,075,San Francisco city,census
A0063,Match,"11 CORTES ST, BOSTON, MA, 02116",-71.069583391995,42.348290028212,25,025,Boston city,census
A0064,Match,"26 CONCORD AVE, CAMBRIDGE, MA, 02138",-71.125842851741,42.379416219968,25,017,Cambridge city,census
A0065,Match,"63 BAILEY ST, DORCHESTER, MA, 02124",-71.066465126331,42.284452236737,25,025,Boston city,census
A0066,Match,"1318 N ORANGE DR, LOS ANGELES, CA, 90028",-118.341484249454,34.0947022093,06,037,Los Angeles city,census
A0067,Match,"1335 N VISTA ST, LOS ANGELES, CA, 90046",-118.351799391859,34.095045778052,06,037,Los Angeles city,census
A0068,Match,"42 CLEARWAY ST, BOSTON, MA, 02115",-71.085769499369,42.345336985524,25,025,Boston city,census
A0069,Match,"2277 UNION ST, SAN FRANCISCO, CA, 94123",-122.436717035924,37.796874616444,06,075,San Francisco city,census
A0070,Match,"43 FAYETTE ST, CAMBRIDGE, MA, 02139",-71.103267573782,42.372611705618,25,017,Cambridge city,census
A0071,Match,"16 VANDINE ST, CAMBRIDGE, MA, 02141",-71.0905953379,42.368814396347,25,017,Cambridge city,census
A0072,Match,"1251 10TH AVE, SAN FRANCISCO, CA, 94122",-122.467520089918,37.764890627041,06,075,San Francisco city,census
A0073,Match,"37 INMAN ST, CAMBRIDGE, MA, 02139",-71.103956176776,42.368713915313,25,017,Cambridge city,census
A0074,Match,"717 S BERENDO ST, LOS ANGELES, CA, 90005",-118.294210099909,34.059391478589,06,037,Los Angeles city,census
A0075,Match,"27 EVERETT ST, CAMBRIDGE, MA, 02138",-71.117508170008,42.379922700614,25,017,Cambridge city,census
A0076,Match,"304 E KINNEY ST, NEWARK, NJ, 07105",-74.162836470045,40.724076460199,34,013,Newark city,census
A0077,Match,"91 BROOKLINE ST, CAMBRIDGE, MA, 02139",-71.103733351887,42.361566486333,25,017,Cambridge city,census
A0078,Match,"115 BAYVIEW AVE, JERSEY CITY, NJ, 07305",-74.080499166258,40.705324743987,34,017,Jersey City city,census
A0079,Match,"2361 PORTLAND ST, LOS ANGELES, CA, 90007",-118.282094130957,34.032231820463,06,037,Los Angeles city,census
A0080,Match,"690 S CATALINA ST, LOS ANGELES, CA, 90005",-118.295327996925,34.060127849082,06,037,Los Angeles city,census
A0081,Match,"145 TAYLOR ST, SAN FRANCISCO, CA, 94102",-122.410947938983,37.783758897294,06,075,San Francisco city,census
A0082,Match,"63 INMAN ST, CAMBRIDGE, MA, 02139",-71.102833387558,42.370344257321,25,017,Cambridge city,census
A0083,Match,"38 KENILWORTH ST, ROXBURY, MA, 02119",-71.087424612529,42.328651609512,25,025,Boston city,census
A0084,Match,"1725 CHESTNUT ST, SAN FRANCISCO, CA, 94123",-122.431739349227,37.801332618559,06,075,San Francisco city,census
A0085,Match,"1101 CHURCH ST, SAN FRANCISCO, CA, 94114",-122.427505338235,37.753239144697,06,075,San Francisco city,census
A0086,Match,"67 PLYMOUTH ST, CAMBRIDGE, MA, 02141",-71.093495991755,42.369083221693,25,017,Cambridge city,census
A0087,Match,"323 BLOOMFIELD ST, HOBOKEN, NJ, 07030",-74.030768159948,40.740414697817,34,017,Hoboken city,census
A0088,Match,"201 CLEMENT ST, SAN FRANCISCO, CA, 94118",-122.461275217487,37.783026502307,06,075,San Francisco city,census
A0089,Match,"935 PARK AVE, HOBOKEN, NJ, 07030",-74.030368120288,40.748211954503,34,017,Hoboken city,census
A0090,Match,"30 JACKSON ST, NEWARK, NJ, 07105",-74.155787524567,40.731204856376,34,013,Newark city,census
A0091,Match,"2229 DWIGHT WAY, BERKELEY, CA, 94704",-122.264605312198,37.864405329327,06,001,Berkeley city,census
A0092,Match,"2514 PIEDMONT AVE, BERKELEY, CA, 94704",-122.251697248224,37.865583367618,06,001,Berkeley city,census
A0093,Match,"90 BICKFORD ST, JAMAICA PLAIN, MA, 02130",-71.101924371068,42.324002818423,25,025,Boston city,census
A0094,Match,"1371 27TH ST, SAN DIEGO, CA, 92154",-117.075371141803,32.571862077109,06,073,San Diego city,census
A0095,Match,"23 ELM ST, CAMBRIDGE, MA, 02139",-71.098495150944,42.367845841037,25,017,Cambridge city,census
A0096,Match,"81 WESTLAND AVE, BOSTON, MA, 02115",-71.089157903457,42.343854353427,25,025,Boston city,census
A0097,Match,"1560 MASON ST, SAN FRANCISCO, CA, 94133",-122.411949673166,37.79780463687,06,075,San Francisco city,census
A0098,No_Match,,,,,,,
A0099,Match,"822 WASHINGTON ST, HOBOKEN, NJ, 07030",-74.028270964888,40.746308514721,34,017,Hoboken city,census
A0100,Match,"4732 BANCROFT ST, SAN DIEGO, CA, 92116",-117.123977567896,32.764095185337,06,073,San Diego city,census
A0101,Match,"319 FAIRMOUNT AVE, JERSEY CITY, NJ, 07306",-74.070809872433,40.725229747686,34,017,Jersey City city,census
A0102,Match,"124 BLOOMFIELD ST, HOBOKEN, NJ, 07030",-74.031684861444,40.737933172158,34,017,Hoboken city,census
A0103,Match,"2161 ALLSTON WAY, BERKELEY, CA, 94704",-122.266218694007,37.869701586713,06,001,Berkeley city,census
A0104,Match,"409 N 5TH ST, NEWARK, NJ, 07107",-74.184328525177,40.761814283797,34,013,Newark city,census
A0105,Match,"140 PORTOLA DR, SAN FRANCISCO, CA, 94131",-122.444191229026,37.748652213279,06,075,San Francisco city,census
A0106,Match,"250 FREMONT ST, SAN FRANCISCO, CA, 94105",-122.394074444911,37.788294915739,06,075,San Francisco city,census
A0107,Match,"10635 SHERMAN GROVE AVE, SUNLAND, CA, 91040",-118.32017657606,34.262255890509,06,037,Los Angeles city,census
A0108,Match,"13 JEFFERSON AVE, JERSEY CITY, NJ, 07306",-74.049970012264,40.736287315576,34,017,Jersey City city,census
A0109,Match,"2922 OTIS ST, BERKELEY, CA, 94703",-122.270269918923,37.8558347046,06,001,Berkeley city,census
A0110,Match,"132 2ND AVE, NEWARK, NJ, 07104",-74.174745021871,40.763265479466,34,013,Newark city,census
A0111,Match,"10075 TUJUNGA CANYON BLVD, TUJUNGA, CA, 91042",-118.284430355327,34.249924250911,06,037,Los Angeles city,census
A0112,Match,"448 BRODERICK ST, SAN FRANCISCO, CA, 94117",-122.439298239317,37.77431322716,06,075,San Francisco city,census
A0113,Match,"3151 ETON AVE, BERKELEY, CA, 94705",-122.250637537308,37.853156920269,06,001,Berkeley city,census
A0114,Match,"3743 INDIA ST, SAN DIEGO, CA, 92103",-117.180736253153,32.74279009558,06,073,San Diego city,census
A0115,No_Match,,,,,,,
A0116,Match,"36 PROSPECT ST, JERSEY CITY, NJ, 07307",-74.049245065733,40.73782973401,34,017,Jersey City city,census
A0117,Match,"1733 N CHEROKEE AVE, LOS ANGELES, CA, 90028",-118.334821278665,34.102120911287,06,037,Los Angeles city,census
A0118,Match,"34 KINGBIRD RD, DORCHESTER, MA, 02124",-71.093533488467,42.292350464404,25,025,Boston city,census
A0119,Match,"607 ADAMS ST, HOBOKEN, NJ, 07030",-74.035368051004,40.744671445285,34,017,Hoboken city,census
A0120,Match,"139 ELM ST, NEWARK, NJ, 07105",-74.165047104124,40.72835234588,34,013,Newark city,census
A0121,Match,"4079 FRONT ST, SAN DIEGO, CA, 92103",-117.16494526813,32.751421595306,06,073,San Diego city,census
A0122,Match,"4812 S BROADWAY, LOS ANGELES, CA, 90037",-118.278252342985,33.999020066962,06,037,Los Angeles city,census
A0123,Match,"123 CONDOR ST, EAST BOSTON, MA, 02128",-71.035437146913,42.382539410028,25,025,Boston city,census
A0124,Match,"35 BROOKLINE ST, CAMBRIDGE, MA, 02139",-71.102457805365,42.362941773312,25,017,Cambridge city,census
A0125,Match,"227 GRAND ST, HOBOKEN, NJ, 07030",-74.035814894303,40.740020460669,34,017,Hoboken city,census
A0126,Match,"1350 POTRERO AVE, SAN FRANCISCO, CA, 94110",-122.406250403098,37.750954392609,06,075,San Francisco city,census
A0127,Match,"10029 N SEPULVEDA BLVD, MISSION HILLS, CA, 91345",-118.467596873721,34.252367056179,06,037,Los Angeles city,census
A0128,No_Match,,,,,,,
A0129,Match,"532 MULBERRY ST, NEWARK, NJ, 07114",-74.176858130312,40.719764997574,34,013,Newark city,census
A0130,Match,"554 MARKET ST, NEWARK, NJ, 07105",-74.154426811823,40.731588087906,34,013,Newark city,census
A0131,Match,"43 POPLAR ST, JERSEY CITY, NJ, 07307",-74.046101194189,40.754136146986,34,017,Jersey City city,census
A0132,Match,"587 N 6TH ST, NEWARK, NJ, 07107",-74.181410596224,40.76934816412,34,013,Newark city,census
A0133,Match,"8819 LANKERSHIM BLVD, SUN VALLEY, CA, 91352",-118.387834588124,34.229428423859,06,037,Los Angeles city,census
A0134,Match,"101 NORFOLK ST, DORCHESTER, MA, 02124",-71.076008765993,42.288488914986,25,025,Boston city,census
A0135,Match,"843 CLAY ST, SAN FRANCISCO, CA, 94108",-122.40698604858,37.794118952125,06,075,San Francisco city,census
A0136,Match,"920 HUDSON ST, HOBOKEN, NJ, 07030",-74.026733524669,40.747367988246,34,017,Hoboken city,census
A0137,Match,"71 NORFOLK ST, NEWARK, NJ, 07103",-74.182685493475,40.74650540714,34,013,Newark city,census
A0138,Match,"1033 E 51ST ST, LOS ANGELES, CA, 90011",-118.257577562794,33.996685074769,06,037,Los Angeles city,census
A0139,Match,"54 STUYVESANT AVE, JERSEY CITY, NJ, 07306",-74.071034378592,40.729943720291,34,017,Jersey City city,census
A0140,Match,"459 BEACON ST, BOSTON, MA, 02115",-71.088098655836,42.351156189935,25,025,Boston city,census
A0141,Match,"2601 43RD AVE, SAN FRANCISCO, CA, 94116",-122.501210314083,37.73813158911,06,075,San Francisco city,census
A0142,Match,"4615 AVALON BLVD, LOS ANGELES, CA, 90011",-118.265290530936,34.001426079007,06,037,Los Angeles city,census
A0143,Match,"75 ELM HILL AVE, DORCHESTER, MA, 02121",-71.087061380822,42.310212727666,25,025,Boston city,census
A0144,Match,"114 AMORY ST, ROXBURY, MA, 02119",-71.100197786289,42.319506233426,25,025,Boston city,census
A0145,Match,"4515 FELTON ST, SAN DIEGO, CA, 92116",-117.121714561521,32.759371284084,06,073,San Diego city,census
A0146,Match,"93-95 HAWKINS ST, NEWARK, NJ, 07105",-74.138947612797,40.727984681112,34,013,Newark city,census
A0147,Match,"2850 GOLDEN GATE AVE, SAN FRANCISCO, CA, 94118",-122.457612633148,37.776358944957,06,075,San Francisco city,census
A0148,Match,"166 5TH ST, NEWARK, NJ, 07107",-74.190058099169,40.751386045226,34,013,Newark city,census
A0149,Match,"25 EVERETT ST, EAST BOSTON, MA, 02128",-71.036711056222,42.368309769533,25,025,Boston city,census
A0150,Match,"3784 BROADWAY, SAN DIEGO, CA, 92102",-117.11184048031,32.716024799043,06,073,San Diego city,census
A0151,Match,"16 QUEENSBERRY ST, BOSTON, MA, 02215",-71.095965021374,42.343098317562,25,025,Boston city,census
A0152,Match,"1669 SUNSET CLIFFS BLVD, SAN DIEGO, CA, 92107",-117.25076493005,32.74094590948,06,073,San Diego city,census
A0153,Match,"366 E 55TH ST, LOS ANGELES, CA, 90011",-118.268297439622,33.992394354537,06,037,Los Angeles city,census
A0154,Match,"4568 IDAHO ST, SAN DIEGO, CA, 92116",-117.133977948208,32.760412374063,06,073,San Diego city,census
A0155,Match,"473 HARVARD ST, DORCHESTER, MA, 02124",-71.09239312943,42.288741879366,25,025,Boston city,census
A0156,Tie,,,,,,,
A0157,Match,"2701 RIDGE RD, BERKELEY, CA, 94709",-122.257026606732,37.876494513292,06,001,Berkeley city,census
A0158,Match,"2522 HILGARD AVE, BERKELEY, CA, 94709",-122.260493108118,37.878591221585,06,001,Berkeley city,census
A0159,Match,"104 SUNSET AVE, NEWARK, NJ, 07106",-74.226709353047,40.74245866913,34,013,Newark city,census
A0160,Match,"86 CHARLES ST, JERSEY CITY, NJ, 07307",-74.05173810144,40.749433761671,34,017,Jersey City city,census
A0161,Match,"317 UNION ST, JERSEY CITY, NJ, 07304",-74.083091056543,40.717916452711,34,017,Jersey City city,census
A0162,Match,"1640 N POINSETTIA PL, LOS ANGELES, CA, 90046",-118.347788965715,34.100552498586,06,037,Los Angeles city,census
A0163,Match,"235 2ND ST, JERSEY CITY, NJ, 07302",-74.043552476848,40.722395074274,34,017,Jersey City city,census
A0164,Match,"725 14TH ST, SAN FRANCISCO, CA, 94114",-122.42951948205,37.76763837901,06,075,San Francisco city,census
A0165,Match,"734 JAMAICA CT, SAN DIEGO, CA, 92109",-117.252245356556,32.773642646317,06,073,San Diego city,census
A0166,Match,"1 POTTER PARK, CAMBRIDGE, MA, 02138",-71.12020099261,42.384310248934,25,017,Cambridge city,census
A0167,Match,"4616 FLORIDA ST, SAN DIEGO, CA, 92116",-117.143850889032,32.76124264042,06,073,San Diego city,census
A0168,No_Match,,,,,,,
A0169,Match,"115 KILSYTH RD, BRIGHTON, MA, 02135",-71.146633078674,42.340367940381,25,025,Boston city,census
A0170,Match,"8917 CEDROS AVE, PANORAMA CITY, CA, 91402",-118.453618335394,34.232064015614,06,037,Los Angeles city,census
A0171,Match,"127 OGDEN AVE, JERSEY CITY, NJ, 07307",-74.04663280324,40.738902438048,34,017,Jersey City city,census
A0172,Match,"8504 WILLIS AVE, PANORAMA CITY, CA, 91402",-118.455218605953,34.224850838975,06,037,Los Angeles city,census
A0173,Match,"13180 FOOTHILL BLVD, SYLMAR, CA, 91342",-118.421538456805,34.299371281369,06,037,Los Angeles city,census
A0174,Match,"84 HAMPSHIRE ST, CAMBRIDGE, MA, 02139",-71.0943940217,42.368359091009,25,017,Cambridge city,census
A0175,Match,"10 DOVER ST, CAMBRIDGE, MA, 02140",-71.126686968537,42.394678131873,25,017,Cambridge city,census
A0176,Match,"15 CHESTER ST, CAMBRIDGE, MA, 02140",-71.124477534158,42.393657148181,25,017,Cambridge city,census
A0177,Match,"166 HIGHLAND AVE, JERSEY CITY, NJ, 07306",-74.073105945172,40.729583045817,34,017,Jersey City city,census
A0178,Match,"5308 RIVERTON AVE, NORTH HOLLYWOOD, CA, 91601",-118.365290745355,34.166828679585,06,037,Los Angeles city,census
A0179,Match,"7006 LANEWOOD AVE, LOS ANGELES, CA, 90028",-118.341635208217,34.09915207252,06,037,Los Angeles city,census
A0180,Match,"845 S KINGSLEY DR, LOS ANGELES, CA, 90005",-118.303137913263,34.056870603736,06,037,Los Angeles city,census
A0181,Match,"931 GARDEN ST, HOBOKEN, NJ, 07030",-74.029444711794,40.748003289428,34,017,Hoboken city,census
A0182,Match,"923 CLINTON ST, HOBOKEN, NJ, 07030",-74.032259129478,40.748382853996,34,017,Hoboken city,census
A0183,Match,"2427 HILGARD AVE, BERKELEY, CA, 94709",-122.262349376787,37.87845544308,06,001,Berkeley city,census
A0184,Match,"156 W 32ND ST, LOS ANGELES, CA, 90007",-118.273514783778,34.020782218595,06,037,Los Angeles city,census
A0185,Match,"154 TERHUNE AVE, JERSEY CITY, NJ, 07305",-74.096225420442,40.705096415554,34,017,Jersey City city,census
A0186,Match,"107 BEACON AVE, JERSEY CITY, NJ, 07306",-74.054827866989,40.736920404507,34,017,Jersey City city,census
A0187,Match,"146 CARLTON AVE, JERSEY CITY, NJ, 07306",-74.060798217241,40.744920038222,34,017,Jersey City city,census
A0188,Match,"2819 MCGEE AVE, BERKELEY, CA, 94703",-122.275258218951,37.856959944236,06,001,Berkeley city,census
A0189,Match,"1811 CARLETON ST, BERKELEY, CA, 94703",-122.273498335777,37.860487333983,06,001,Berkeley city,census
A0190,Match,"283 ADAMS ST, NEWARK, NJ, 07105",-74.16236498265,40.722831839974,34,013,Newark city,census
A0191,Match,"60 KIRKLAND ST, CAMBRIDGE, MA, 02138",-71.110680713996,42.377309547812,25,017,Cambridge city,census
A0192,Match,"780 POST ST, SAN FRANCISCO, CA, 94109",-122.414659903737,37.787554937568,06,075,San Francisco city,census
A0193,Match,"1626 BONITA AVE, BERKELEY, CA, 94709",-122.272592199936,37.877436210953,06,001,Berkeley city,census
A0194,Match,"72 BURBANK ST, BOSTON, MA, 02115",-71.08932121797,42.34449244891,25,025,Boston city,census
A0195,Match,"1848 COMMONWEALTH AVE, BRIGHTON, MA, 02135",-71.152111420394,42.339062553814,25,025,Boston city,census
A0196,Match,"16915 BLACKHAWK ST, GRANADA HILLS, CA, 91344",-118.500920253647,34.258955182522,06,037,Los Angeles city,census
A0197,Match,"1611 62ND ST, BERKELEY, CA, 94703",-122.274812039507,37.846527054842,06,001,Berkeley city,census
A0198,Match,"194 HAVRE ST, EAST BOSTON, MA, 02128",-71.036497835188,42.374496794147,25,025,Boston city,census
A0199,Match,"42 BAY STATE RD, CAMBRIDGE, MA, 02138",-71.140083871382,42.387191106272,25,017,Cambridge city,census
A0200,Match,"1853 N HIGHLAND AVE, LOS ANGELES, CA, 90028",-118.337549044749,34.105004287023,06,037,Los Angeles city,census
A0201,Match,"2737 BENVENUE AVE, BERKELEY, CA, 94705",-122.25463879726,37.861084663474,06,001,Berkeley city,census
A0202,Match,"1446 JACKSON ST, SAN FRANCISCO, CA, 94109",-122.41889836579,37.794522791984,06,075,San Francisco city,census
A0203,Match,"2930 WASHINGTON ST, ROXBURY, MA, 02119",-71.095569636405,42.31845754666,25,025,Boston city,census
A0204,Match,"208 6TH AVE W, NEWARK, NJ, 07107",-74.186173040995,40.756210023298,34,013,Newark city,census
A0205,Match,"2425 GRANT ST, BERKELEY, CA, 94703",-122.274486388915,37.864419418207,06,001,Berkeley city,census
A0206,Match,"401 43RD AVE, SAN FRANCISCO, CA, 94121",-122.504228232138,37.78106651207,06,075,San Francisco city,census
A0207,Match,"705 W 23RD ST, LOS ANGELES, CA, 90007",-118.276733095547,34.032030548439,06,037,Los Angeles city,census
A0208,Match,"126 ADAMS ST, HOBOKEN, NJ, 07030",-74.037275318111,40.738937251272,34,017,Hoboken city,census
A0209,Match,"19 TROWBRIDGE ST, CAMBRIDGE, MA, 02138",-71.11237412069,42.371041072612,25,017,Cambridge city,census
A0210,Match,"1432 N CURSON AVE, LOS ANGELES, CA, 90046",-118.354938535163,34.096815880701,06,037,Los Angeles city,census
A0211,Match,"499 BEACON ST, BOSTON, MA, 02215",-71.089845858115,42.350692439566,25,025,Boston city,census
A0212,Match,"1311 S VAN NESS AVE, SAN FRANCISCO, CA, 94110",-122.4161731875,37.752168513331,06,075,San Francisco city,census
A0213,Match,"11649 ACAMA ST, STUDIO CITY, CA, 91604",-118.386856598286,34.145584078078,06,037,Los Angeles city,census
A0214,Match,"358 HARVARD ST, CAMBRIDGE, MA, 02138",-71.110911398922,42.371082219474,25,017,Cambridge city,census
A0215,Match,"2295 CALIFORNIA ST, SAN FRANCISCO, CA, 94115",-122.432052589153,37.789075325053,06,075,San Francisco city,census
A0216,Match,"2309 HASTE ST, BERKELEY, CA, 94704",-122.262957356662,37.865531910644,06,001,Berkeley city,census
A0217,Match,"172 MAVERICK ST, EAST BOSTON, MA, 02128",-71.037362951665,42.369519627611,25,025,Boston city,census
A0218,Match,"15 RICHDALE AVE, CAMBRIDGE, MA, 02140",-71.121620396425,42.388324409245,25,017,Cambridge city,census
A0219,Match,"3735 32ND ST, SAN DIEGO, CA, 92104",-117.124937736826,32.746245203063,06,073,San Diego city,census
A0220,Match,"23 FAULKNER ST, DORCHESTER, MA, 02122",-71.061535322591,42.29951865269,25,025,Boston city,census
A0221,Match,"191 PARK DR, BOSTON, MA, 02215",-71.100162328229,42.341033010088,25,025,Boston city,census
A0222,Match,"1901 VALLEJO ST, SAN FRANCISCO, CA, 94123",-122.428597910742,37.795996387914,06,075,San Francisco city,census
A0223,Match,"504 COURT ST, HOBOKEN, NJ, 07030",-74.028940035026,40.742214718476,34,017,Hoboken city,census
A0224,Match,"8727 TOBIAS AVE, PANORAMA CITY, CA, 91402",-118.451718756162,34.228507480493,06,037,Los Angeles city,census
A0225,Match,"1627 JACKSON ST, SAN FRANCISCO, CA, 94109",-122.421842293682,37.794030087633,06,075,San Francisco city,census
A0226,Match,"663 MASSACHUSETTS AVE, BOSTON, MA, 02118",-71.0764696579,42.335912589034,25,025,Boston city,census
A0227,Match,"1401 HUDSON ST, HOBOKEN, NJ, 07030",-74.025132220092,40.752162276083,34,017,Hoboken city,census
A0228,Match,"225 COLLINGWOOD ST, SAN FRANCISCO, CA, 94114",-122.43584550357,37.758806229242,06,075,San Francisco city,census
A0229,No_Match,,,,,,,
A0230,Match,"85 HANCOCK ST, CAMBRIDGE, MA, 02139",-71.10823462185,42.36894090845,25,017,Cambridge city,census
A0231,Match,"521 ARGUELLO BLVD, SAN FRANCISCO, CA, 94118",-122.458904742326,37.780784398048,06,075,San Francisco city,census
A0232,Match,"189 3RD ST, CAMBRIDGE, MA, 02141",-71.080956110328,42.367926768436,25,017,Cambridge city,census
A0233,Match,"30 MEDFIELD ST, BOSTON, MA, 02215",-71.105981333095,42.345263577025,25,025,Boston city,census
A0234,Match,"2212 BLAKE ST, BERKELEY, CA, 94704",-122.26472014852,37.863354369764,06,001,Berkeley city,census
A0235,Match,"6736 SELMA AVE, LOS ANGELES, CA, 90028",-118.337259232832,34.099644694718,06,037,Los Angeles city,census
A0236,Match,"1110 JACKSON ST, SAN FRANCISCO, CA, 94133",-122.41341354471,37.795227211112,06,075,San Francisco city,census
A0237,Match,"36 VALLEY ST, SAN FRANCISCO, CA, 94110",-122.423160521356,37.744772339215,06,075,San Francisco city,census
A0238,Match,"15256 ACRE ST, NORTH HILLS, CA, 91343",-118.465059354597,34.229903219394,06,037,Los Angeles city,census
A0239,Match,"1476 UNIVERSITY AVE, BERKELEY, CA, 94702",-122.282479272768,37.870240703252,06,001,Berkeley city,census
A0240,Match,"4135 38TH ST, SAN DIEGO, CA, 92105",-117.111779263182,32.752138713798,06,073,San Diego city,census
A0241,Match,"913 GARDEN ST, HOBOKEN, NJ, 07030",-74.029507685512,40.747790932129,34,017,Hoboken city,census
A0242,Match,"87 SIERRA RD, HYDE PARK, MA, 02136",-71.126219924108,42.23648761117,25,025,Boston city,census
A0243,Match,"664 OCEAN AVE, JERSEY CITY, NJ, 07305",-74.076659540243,40.709014299361,34,017,Jersey City city,census
A0244,Match,"1126 HUDSON ST, HOBOKEN, NJ, 07030",-74.025921583962,40.75007710711,34,017,Hoboken city,census
A0245,Match,"30 W HOWELL ST, DORCHESTER, MA, 02125",-71.059503187262,42.325356355842,25,025,Boston city,census
A0246,Match,"4386 COPELAND AVE, SAN DIEGO, CA, 92105",-117.104047557974,32.756800937083,06,073,San Diego city,census
A0247,Match,"4957 CAPE MAY AVE, SAN DIEGO, CA, 92107",-117.248171449465,32.748875084016,06,073,San Diego city,census
A0248,Match,"941 S KENMORE AVE, LOS ANGELES, CA, 90006",-118.296589306557,34.054561165408,06,037,Los Angeles city,census
A0249,Match,"500 HAWTHORNE AVE, NEWARK, NJ, 07112",-74.215280471054,40.719775769166,34,013,Newark city,census
A0250,Match,"211 BALDWIN AVE, JERSEY CITY, NJ, 07306",-74.060120792112,40.729192320523,34,017,Jersey City city,census
A0251,Match,"4663 33RD ST, SAN DIEGO, CA, 92116",-117.122794711786,32.762436259509,06,073,San Diego city,census
A0252,Match,"15514 CHASE ST, NORTH HILLS, CA, 91343",-118.470326035112,34.224605812398,06,037,Los Angeles city,census
A0253,Match,"2250 N POINT ST, SAN FRANCISCO, CA, 94123",-122.444275084577,37.802722582821,06,075,San Francisco city,census
A0254,Match,"805 WASHINGTON ST, HOBOKEN, NJ, 07030",-74.028189698217,40.746063788663,34,017,Hoboken city,census
A0255,Match,"851 E 51ST ST, LOS ANGELES, CA, 90011",-118.260152086488,33.996666263731,06,037,Los Angeles city,census
A0256,Match,"327 JACKSON ST, HOBOKEN, NJ, 07030",-74.0400671093,40.742101329412,34,017,Hoboken city,census
A0257,Match,"5 COMMER CT, SAN FRANCISCO, CA, 94124",-122.384674255589,37.732351895037,06,075,San Francisco city,census
A0258,Match,"471 COLUMBIA RD, DORCHESTER, MA, 02125",-71.067499784037,42.314021035494,25,025,Boston city,census
A0259,Match,"872 N POINT ST, SAN FRANCISCO, CA, 94109",-122.421551166436,37.805617181224,06,075,San Francisco city,census
A0260,Match,"2479 LE CONTE AVE, BERKELEY, CA, 94709",-122.261370866713,37.87682628993,06,001,Berkeley city,census
A0261,Match,"525 ADAMS ST, HOBOKEN, NJ, 07030",-74.03569006655,40.743627056924,34,017,Hoboken city,census
A0262,Match,"2924 JUNIPER ST, SAN DIEGO, CA, 92104",-117.13126954968,32.729713456435,06,073,San Diego city,census
A0263,Match,"1636 MARTIN LUTHER KING JR WAY, BERKELEY, CA, 94709",-122.273753258644,37.877104430999,06,001,Berkeley city,census
A0264,Match,"589 ELIZABETH AVE, NEWARK, NJ, 07112",-74.203997082351,40.706702590971,34,013,Newark city,census
A0265,Match,"102 BALDWIN AVE, JERSEY CITY, NJ, 07306",-74.062860646313,40.725395005355,34,017,Jersey City city,census
A0266,Match,"52 BRIGHT ST, JERSEY CITY, NJ, 07302",-74.04716146876,40.716964287987,34,017,Jersey City city,census
A0267,Match,"1314 N VAN NESS AVE, LOS ANGELES, CA, 90038",-118.31568631956,34.095065338349,06,037,Los Angeles city,census
A0268,Match,"1848 FRANKLIN ST, SAN FRANCISCO, CA, 94109",-122.42417782805,37.791524228684,06,075,San Francisco city,census
A0269,Match,"1015 CLINTON ST, HOBOKEN, NJ, 07030",-74.031887796981,40.749581279292,34,017,Hoboken city,census
A0270,Match,"29 CONCORD ST, JERSEY CITY, NJ, 07306",-74.052574845456,40.733442605846,34,017,Jersey City city,census
A0271,Match,"4115 LINCOLN WAY, SAN FRANCISCO, CA, 94122",-122.502100180635,37.764244000512,06,075,San Francisco city,census
A0272,Match,"5 EVERETT ST, CAMBRIDGE, MA, 02138",-71.11923068717,42.380002159495,25,017,Cambridge city,census
A0273,Match,"3911 CENTRE ST, SAN DIEGO, CA, 92103",-117.147965593551,32.749136257741,06,073,San Diego city,census
A0274,Match,"7072 EASTMAN ST, SAN DIEGO, CA, 92111",-117.168439360297,32.789776238445,06,073,San Diego city,census
A0275,Match,"4091 MORRELL ST, SAN DIEGO, CA, 92109",-117.231646719173,32.795607414483,06,073,San Diego city,census
A0276,Match,"4361 ILLINOIS ST, SAN DIEGO, CA, 92104",-117.127636770855,32.756358147896,06,073,San Diego city,census
A0277,Match,"2736 GRANT ST, BERKELEY, CA, 94703",-122.273424660577,37.85849365947,06,001,Berkeley city,census
A0278,Match,"1800 FRANKLIN ST, SAN FRANCISCO, CA, 94109",-122.424100965563,37.791146664293,06,075,San Francisco city,census
A0279,Tie,,,,,,,
A0280,Match,"1215 11TH AVE, SAN FRANCISCO, CA, 94122",-122.468630232306,37.76547270684,06,075,San Francisco city,census
A0281,Match,"1725 N GOWER ST, LOS ANGELES, CA, 90028",-118.32242566214,34.102103469042,06,037,Los Angeles city,census
A0282,Match,"2240 10TH ST, BERKELEY, CA, 94710",-122.292299289201,37.865429346313,06,001,Berkeley city,census
A0283,Match,"90 BARTLETT ST, SAN FRANCISCO, CA, 94110",-122.41994757491,37.755542885749,06,075,San Francisco city,census
A0284,Match,"345 COLUMBIA ST, CAMBRIDGE, MA, 02141",-71.095359909702,42.371521199602,25,017,Cambridge city,census
A0285,Match,"5255 HARMONY AVE, NORTH HOLLYWOOD, CA, 91601",-118.366517318934,34.165894818542,06,037,Los Angeles city,census
A0286,Match,"27 IRVING TER, CAMBRIDGE, MA, 02138",-71.111412032264,42.375840853959,25,017,Cambridge city,census
A0287,Match,"404 GRAND ST, HOBOKEN, NJ, 07030",-74.035272884466,40.742295062797,34,017,Hoboken city,census
A0288,Match,"75 CLENDENNY AVE, JERSEY CITY, NJ, 07304",-74.0811726863,40.718013229375,34,017,Jersey City city,census
A0289,Match,"1741 MARTIN LUTHER KING JR WAY, BERKELEY, CA, 94709",-122.273285380013,37.874873789784,06,001,Berkeley city,census
A0290,Match,"21 FOREST ST, CAMBRIDGE, MA, 02140",-71.116197964756,42.385243189976,25,017,Cambridge city,census
A0291,Tie,,,,,,,
A0292,Match,"24 BERKSHIRE ST, CAMBRIDGE, MA, 02141",-71.091628846996,42.368859452865,25,017,Cambridge city,census
A0293,Match,"1314 NATOMA ST, SAN FRANCISCO, CA, 94103",-122.418602494007,37.768086302987,06,075,San Francisco city,census
A0294,Match,"178 RICHDALE AVE, CAMBRIDGE, MA, 02140",-71.126525304753,42.389122123461,25,017,Cambridge city,census
A0295,No_Match,,,,,,,
A0296,Match,"85 MCWHORTER ST, NEWARK, NJ, 07105",-74.16622635068,40.730142326692,34,013,Newark city,census
A0297,Match,"213 SUMMER AVE, NEWARK, NJ, 07104",-74.171685521994,40.758931675998,34,013,Newark city,census
A0298,Match,"361 WASHINGTON ST, CAMBRIDGE, MA, 02139",-71.099392946846,42.365668497367,25,017,Cambridge city,census
A0299,Match,"1037 WASHINGTON ST, HOBOKEN, NJ, 07030",-74.027266530035,40.749050177411,34,017,Hoboken city,census
A0300,Match,"36 TROWBRIDGE ST, CAMBRIDGE, MA, 02138",-71.111648701864,42.371850975157,25,017,Cambridge city,census
A0301,Match,"165 HAMPSHIRE ST, CAMBRIDGE, MA, 02139",-71.098439445715,42.371842605201,25,017,Cambridge city,census
A0302,Match,"6 CLINTON ST, CAMBRIDGE, MA, 02139",-71.106823748323,42.367516001139,25,017,Cambridge city,census
A0303,Match,"188 E 35TH ST, LOS ANGELES, CA, 90011",-118.271171829397,34.016877079827,06,037,Los Angeles city,census
A0304,Match,"4541 HAMILTON ST, SAN DIEGO, CA, 92116",-117.136296909949,32.759898286948,06,073,San Diego city,census
A0305,Match,"638 45TH AVE, SAN FRANCISCO, CA, 94121",-122.505895195699,37.776456954836,06,075,San Francisco city,census
A0306,Match,"335A HARVARD ST, CAMBRIDGE, MA, 02139",-71.109090354517,42.370715584888,25,017,Cambridge city,census
A0307,Match,"296 VAN BUREN ST, NEWARK, NJ, 07105",-74.16080945112,40.721814664163,34,013,Newark city,census
A0308,Match,"1032 HUDSON ST, HOBOKEN, NJ, 07030",-74.026323440877,40.748749351079,34,017,Hoboken city,census
A0309,Match,"1706 N STANLEY AVE, LOS ANGELES, CA, 90046",-118.356114053762,34.101835421105,06,037,Los Angeles city,census
A0310,Match,"55 ASHFORD ST, ALLSTON, MA, 02134",-71.126531334249,42.354497619427,25,025,Boston city,census
A0311,Match,"38 SOMME ST, NEWARK, NJ, 07105",-74.150647497602,40.731405439225,34,013,Newark city,census
A0312,Match,"25 ORLANDO ST, MATTAPAN, MA, 02126",-71.0991080589,42.274643004403,25,025,Boston city,census
A0313,Match,"319 W RUNYON ST, NEWARK, NJ, 07108",-74.209161967359,40.719489638436,34,013,Newark city,census
A0314,Match,"6640 LELAND WAY, LOS ANGELES, CA, 90028",-118.334062631211,34.096954047102,06,037,Los Angeles city,census
A0315,Match,"5233 CARTWRIGHT AVE, NORTH HOLLYWOOD, CA, 91601",-118.363242167449,34.165516896714,06,037,Los Angeles city,census
A0316,Match,"3978 FLORIDA ST, SAN DIEGO, CA, 92104",-117.143805824838,32.749889290623,06,073,San Diego city,census
A0317,Match,"2233 CHANNING WAY, BERKELEY, CA, 94704",-122.264363578265,37.866269484742,06,001,Berkeley city,census
A0318,Match,"2041 FRANCISCO ST, BERKELEY, CA, 94709",-122.270236431385,37.875520264007,06,001,Berkeley city,census
A0319,Match,"2315 GRANT ST, BERKELEY, CA, 94703",-122.27469711854,37.866407956138,06,001,Berkeley city,census
A0320,Match,"408 MADISON ST, HOBOKEN, NJ, 07030",-74.038062021201,40.742822649905,34,017,Hoboken city,census
A0321,Match,"200 NUNDA AVE, JERSEY CITY, NJ, 07306",-74.079221896001,40.729025280221,34,017,Jersey City city,census
A0322,Match,"227 CYPRESS DR, SAN YSIDRO, CA, 92173",-117.045151967648,32.555470956839,06,073,San Diego city,census
A0323,Match,"4627 COMPTON AVE, LOS ANGELES, CA, 90011",-118.247839866285,34.001632563866,06,037,Los Angeles city,census
A0324,Match,"2003 FRANKLIN ST, SAN FRANCISCO, CA, 94109",-122.424604033397,37.792904441436,06,075,San Francisco city,census
A0325,Match,"38A GAUTIER AVE, JERSEY CITY, NJ, 07306",-74.079307176087,40.72613987341,34,017,Jersey City city,census
A0326,Match,"46 JEFFERSON ST, NEWARK, NJ, 07105",-74.16011411828,40.731191686503,34,013,Newark city,census
A0327,Match,"1605 N MARTEL AVE, LOS ANGELES, CA, 90046",-118.350240944927,34.099942749927,06,037,Los Angeles city,census
A0328,No_Match,,,,,,,
A0329,Match,"51 MADISON ST, NEWARK, NJ, 07105",-74.159407511479,40.730936900745,34,013,Newark city,census
A0330,Match,"5229 WILLOWCREST AVE, NORTH HOLLYWOOD, CA, 91601",-118.362200030188,34.165448094429,06,037,Los Angeles city,census
A0331,Match,"344 IRVINE TURNER BLVD, NEWARK, NJ, 07108",-74.193318622525,40.722514194915,34,013,Newark city,census
A0332,Match,"26 SONOMA ST, DORCHESTER, MA, 02121",-71.086856518884,42.308190903587,25,025,Boston city,census
A0333,Match,"3752 33RD ST, SAN DIEGO, CA, 92104",-117.12293391208,32.746101678529,06,073,San Diego city,census
A0334,Match,"2025 FRANCISCO ST, BERKELEY, CA, 94709",-122.270586610925,37.875475369217,06,001,Berkeley city,census
A0335,Match,"125 BEMIS ST, SAN FRANCISCO, CA, 94131",-122.430367276697,37.737182683157,06,075,San Francisco city,census
A0336,Match,"151 N FIRST ST, CAMBRIDGE, MA, 02141",-71.075526736217,42.372482137906,25,017,Cambridge city,census
A0337,Match,"66 MONROE ST, NEWARK, NJ, 07105",-74.158991782803,40.730254220709,34,013,Newark city,census
A0338,No_Match,,,,,,,
A0339,Match,"124 BERKSHIRE ST, CAMBRIDGE, MA, 02141",-71.090029432444,42.371616346646,25,017,Cambridge city,census
A0340,Match,"14735 ROSCOE BLVD, PANORAMA CITY, CA, 91402",-118.454598749429,34.22154746833,06,037,Los Angeles city,census
A0341,Match,"4225 50TH ST, SAN DIEGO, CA, 92115",-117.086787563421,32.753521698227,06,073,San Diego city,census
A0342,Match,"49 ROSELAND ST, CAMBRIDGE, MA, 02140",-71.116972926785,42.386748328179,25,017,Cambridge city,census
A0343,No_Match,,,,,,,
A0344,Match,"242 GARFIELD AVE, JERSEY CITY, NJ, 07305",-74.091122112815,40.692246111645,34,017,Jersey City city,census
A0345,Match,"153 W VERNON AVE, LOS ANGELES, CA, 90037",-118.275158399166,34.003875826453,06,037,Los Angeles city,census
A0346,No_Match,,,,,,,
A0347,Match,"2142 2ND AVE, SAN DIEGO, CA, 92101",-117.163065698172,32.727653319366,06,073,San Diego city,census
A0348,Match,"229 CLINTON ST, HOBOKEN, NJ, 07030",-74.034849797859,40.739876679452,34,017,Hoboken city,census
A0349,Match,"2400 DANA ST, BERKELEY, CA, 94704",-122.261163802946,37.866568691092,06,001,Berkeley city,census
A0350,Match,"1051 W SIDE AVE, JERSEY CITY, NJ, 07306",-74.070961149168,40.735168801416,34,017,Jersey City city,census
A0351,Match,"628 HYDE ST, SAN FRANCISCO, CA, 94109",-122.41643664948,37.786610489702,06,075,San Francisco city,census
A0352,Tie,,,,,,,
A0353,Match,"1044 E JEFFERSON BLVD, LOS ANGELES, CA, 90011",-118.257806027731,34.012089330967,06,037,Los Angeles city,census
A0354,Match,"73 LUBEC ST, EAST BOSTON, MA, 02128",-71.033000779013,42.370721531914,25,025,Boston city,census
A0355,Match,"10701 AMESTOY AVE, GRANADA HILLS, CA, 91344",-118.506705841287,34.264856666784,06,037,Los Angeles city,census
A0356,Match,"16 BRAINERD RD, ALLSTON, MA, 02134",-71.130629546012,42.348858680092,25,025,Boston city,census
A0357,No_Match,,,,,,,
A0358,Match,"717 N 6TH ST, NEWARK, NJ, 07107",-74.179007529056,40.773922773441,34,013,Newark city,census
A0359,Match,"925 PARK AVE, HOBOKEN, NJ, 07030",-74.030402774821,40.748092459219,34,017,Hoboken city,census
A0360,Match,"140 NEW YORK AVE, JERSEY CITY, NJ, 07307",-74.047111900025,40.741104245751,34,017,Jersey City city,census
A0361,Match,"15 BERKSHIRE ST, CAMBRIDGE, MA, 02141",-71.092040596292,42.368426537915,25,017,Cambridge city,census
A0362,Match,"368 RIVERWAY, BOSTON, MA, 02115",-71.110791246894,42.334291810524,25,025,Boston city,census
A0363,Match,"2451 SHATTUCK AVE, BERKELEY, CA, 94704",-122.267324831145,37.864690284096,06,001,Berkeley city,census
A0364,No_Match,,,,,,,
A0365,Match,"3940 IDAHO ST, SAN DIEGO, CA, 92104",-117.13391504862,32.749235987165,06,073,San Diego city,census
A0366,Match,"230 EVERETT ST, EAST BOSTON, MA, 02128",-71.030306589214,42.365643672949,25,025,Boston city,census
A0367,Match,"219 S 35TH ST, SAN DIEGO, CA, 92113",-117.118695602941,32.704217966085,06,073,San Diego city,census
A0368,Match,"1430 FRANCISCO ST, SAN FRANCISCO, CA, 94123",-122.428752796943,37.802780409256,06,075,San Francisco city,census
A0369,Match,"3260 CALIFORNIA ST, BERKELEY, CA, 94703",-122.276013172823,37.848609498456,06,001,Berkeley city,census
A0370,Match,"2222 TOBERMAN ST, LOS ANGELES, CA, 90007",-118.281203744904,34.034721924415,06,037,Los Angeles city,census
A0371,Match,"80 BRUEN ST, NEWARK, NJ, 07105",-74.166930355672,40.730337311596,34,013,Newark city,census
A0372,Match,"314 7TH ST, JERSEY CITY, NJ, 07302",-74.047955557321,40.726486238182,34,017,Jersey City city,census
A0373,Match,"1315 SPRUCE ST, BERKELEY, CA, 94709",-122.266249122343,37.883557224033,06,001,Berkeley city,census
A0374,Match,"686 S ARDMORE AVE, LOS ANGELES, CA, 90005",-118.301920522459,34.060247782434,06,037,Los Angeles city,census
A0375,Match,"1880 FULTON ST, SAN FRANCISCO, CA, 94117",-122.447766948778,37.775695071124,06,075,San Francisco city,census
A0376,No_Match,,,,,,,
A0377,Match,"206 BLOOMFIELD ST, HOBOKEN, NJ, 07030",-74.031363571985,40.738998730944,34,017,Hoboken city,census
A0378,Match,"4053 IDAHO ST, SAN DIEGO, CA, 92104",-117.133775905803,32.751323560417,06,073,San Diego city,census
A0379,Match,"1336 BRUNNER ST, SAN DIEGO, CA, 92110",-117.189895788824,32.769172247535,06,073,San Diego city,census
A0380,No_Match,,,,,,,
A0381,Match,"523 MARKET ST, NEWARK, NJ, 07105",-74.155856508272,40.732015014036,34,013,Newark city,census
A0382,Match,"119 DAY ST, SAN FRANCISCO, CA, 94131",-122.425132126354,37.742927740317,06,075,San Francisco city,census
A0383,Match,"1908 CALIFORNIA ST, BERKELEY, CA, 94703",-122.280023113182,37.872036512971,06,001,Berkeley city,census
A0384,No_Match,,,,,,,
A0385,Match,"1059 UNION ST, SAN FRANCISCO, CA, 94133",-122.416408067433,37.79947735291,06,075,San Francisco city,census
A0386,Match,"3654 ARIZONA ST, SAN DIEGO, CA, 92104",-117.1379712012,32.744723856404,06,073,San Diego city,census
A0387,Match,"10303 CMT ALVAREZ, SAN DIEGO, CA, 92126",-117.169286391696,32.9053438981,06,073,San Diego city,census
A0388,Match,"155 CLERK ST, JERSEY CITY, NJ, 07305",-74.075725799324,40.708921674003,34,017,Jersey City city,census
A0389,Match,"923 GARDEN ST, HOBOKEN, NJ, 07030",-74.029472700113,40.747908908406,34,017,Hoboken city,census
A0390,Match,"70 DARCY ST, NEWARK, NJ, 07105",-74.149929644264,40.726005356196,34,013,Newark city,census
A0391,Match,"265 22ND ST, SAN DIEGO, CA, 92102",-117.143904241304,32.707989329138,06,073,San Diego city,census
A0392,Match,"4545 39TH ST, SAN DIEGO, CA, 92116",-117.110733157421,32.759875365223,06,073,San Diego city,census
A0393,Match,"91 JORDAN AVE, JERSEY CITY, NJ, 07306",-74.064895908212,40.72674257266,34,017,Jersey City city,census
A0394,Match,"45 RAVINE AVE, JERSEY CITY, NJ, 07307",-74.049129869145,40.74028302667,34,017,Jersey City city,census
A0395,Match,"1632 RUSSELL ST, BERKELEY, CA, 94703",-122.275797862561,37.85541480374,06,001,Berkeley city,census
A0396,Match,"3244 CLAIREMONT DR, SAN DIEGO, CA, 92117",-117.195770657922,32.800141615463,06,073,San Diego city,census
A0397,Match,"1677 BUSH ST, SAN FRANCISCO, CA, 94109",-122.424817163952,37.788065631555,06,075,San Francisco city,census
A0398,Match,"890 GREEN ST, SAN FRANCISCO, CA, 94133",-122.413748040152,37.798969157635,06,075,San Francisco city,census
A0399,Match,"227 WILLOW AVE, HOBOKEN, NJ, 07030",-74.033923758593,40.739690854009,34,017,Hoboken city,census
A0400,Tie,,,,,,,
A0401,Match,"257 14TH ST, SAN FRANCISCO, CA, 94103",-122.419001453676,37.768275245554,06,075,San Francisco city,census
A0402,Match,"2914 LARKIN ST, SAN FRANCISCO, CA, 94109",-122.421779262494,37.804747750317,06,075,San Francisco city,census
A0403,Match,"45 MYRTLE ST, BOSTON, MA, 02114",-71.066075463637,42.359416672345,25,025,Boston city,census
A0404,Match,"240 BOWERS ST, JERSEY CITY, NJ, 07307",-74.053172054328,40.749176716976,34,017,Jersey City city,census
A0405,Match,"10214 FERNGLEN AVE, TUJUNGA, CA, 91042",-118.294269681844,34.254405539147,06,037,Los Angeles city,census
A0406,Match,"170 W SPRINGFIELD ST, BOSTON, MA, 02118",-71.079433474181,42.339468331482,25,025,Boston city,census
A0407,Match,"4188 GREENBUSH AVE, SHERMAN OAKS, CA, 91423",-118.426009923389,34.146796782796,06,037,Los Angeles city,census
A0408,Match,"14375 POLK ST, SYLMAR, CA, 91342",-118.446247129705,34.310760350581,06,037,Los Angeles city,census
A0409,Match,"4428 GRESHAM ST, SAN DIEGO, CA, 92109",-117.244179056101,32.79763108496,06,073,San Diego city,census
A0410,Match,"319 SUMMIT AVE, JERSEY CITY, NJ, 07306",-74.064026798734,40.726387646101,34,017,Jersey City city,census
A0411,Match,"1833 BERKELEY WAY, BERKELEY, CA, 94703",-122.27465308516,37.87232876757,06,001,Berkeley city,census
A0412,Match,"231 GRAFTON AVE, NEWARK, NJ, 07104",-74.167287967397,40.778250739849,34,013,Newark city,census
A0413,Match,"2209 GRAND AVE, SAN DIEGO, CA, 92109",-117.229073590912,32.800271149641,06,073,San Diego city,census
A0414,Match,"1987 CALIFORNIA ST, SAN FRANCISCO, CA, 94109",-122.426993113372,37.789718887946,06,075,San Francisco city,census
A0415,Match,"95 WAYNE ST, JERSEY CITY, NJ, 07302",-74.046863038788,40.719860194431,34,017,Jersey City city,census
A0416,Match,"882 PAVONIA AVE, JERSEY CITY, NJ, 07306",-74.069855824873,40.734106488592,34,017,Jersey City city,census
A0417,Match,"4957 CAHUENGA BLVD, NORTH HOLLYWOOD, CA, 91601",-118.361590637042,34.160498077424,06,037,Los Angeles city,census
A0418,Match,"221 SIP AVE, JERSEY CITY, NJ, 07306",-74.070139397713,40.731794725913,34,017,Jersey City city,census
A0419,Match,"1538 HENRY ST, BERKELEY, CA, 94709",-122.2705189327,37.879313015271,06,001,Berkeley city,census
A0420,Match,"4419 CLEVELAND AVE, SAN DIEGO, CA, 92116",-117.149951913385,32.757581273133,06,073,San Diego city,census
A0421,Match,"17106 CHATSWORTH ST, GRANADA HILLS, CA, 91344",-118.505814381942,34.264737200693,06,037,Los Angeles city,census
A0422,Match,"23 MARION ST, CAMBRIDGE, MA, 02141",-71.088992232886,42.372408944103,25,017,Cambridge city,census
A0423,Match,"10 CAMELOT CT, BRIGHTON, MA, 02135",-71.141330315148,42.349362810146,25,025,Boston city,census
A0424,Match,"208 JEFFERSON ST, HOBOKEN, NJ, 07030",-74.037883549718,40.740157173654,34,017,Hoboken city,census
A0425,Match,"650 POST ST, SAN FRANCISCO, CA, 94109",-122.412614041685,37.787814500247,06,075,San Francisco city,census
A0426,Match,"1307 COLUSA ST, SAN DIEGO, CA, 92110",-117.190773729749,32.768532440161,06,073,San Diego city,census
A0427,Match,"7665 W FOUNTAIN AVE, LOS ANGELES, CA, 90046",-118.356732566622,34.094477803207,06,037,Los Angeles city,census
A0428,Tie,,,,,,,
A0429,Match,"12 BLACKWOOD ST, BOSTON, MA, 02115",-71.082683836307,42.34315888883,25,025,Boston city,census
A0430,Match,"1950 ADDISON ST, BERKELEY, CA, 94704",-122.272637519825,37.870562012406,06,001,Berkeley city,census
A0431,Match,"245 EUCLID AVE, SAN DIEGO, CA, 92114",-117.084936538347,32.706728960145,06,073,San Diego city,census
A0432,Match,"14605 RAYEN ST, PANORAMA CITY, CA, 91402",-118.450479396041,34.231842925425,06,037,Los Angeles city,census
A0433,Match,"720 W 27TH ST, LOS ANGELES, CA, 90007",-118.278944633921,34.028044141305,06,037,Los Angeles city,census
A0434,Match,"1225 HYDE ST, SAN FRANCISCO, CA, 94109",-122.417712027591,37.792202707791,06,075,San Francisco city,census
A0435,Match,"310 MONROE ST, HOBOKEN, NJ, 07030",-74.039361820557,40.741775604922,34,017,Hoboken city,census
A0436,Match,"832 WILLOW AVE, HOBOKEN, NJ, 07030",-74.031844915269,40.747085607112,34,017,Hoboken city,census
A0437,Match,"2969 SAN MARINO ST, LOS ANGELES, CA, 90006",-118.293871486247,34.05457350989,06,037,Los Angeles city,census
A0438,Match,"62 CAMBRIDGE AVE, JERSEY CITY, NJ, 07307",-74.048682819823,40.744904276955,34,017,Jersey City city,census
A0439,Match,"225 25TH AVE, SAN FRANCISCO, CA, 94121",-122.485184671551,37.78525700396,06,075,San Francisco city,census
A0440,Match,"4042 FULTON ST, SAN FRANCISCO, CA, 94118",-122.47502114247,37.773046725887,06,075,San Francisco city,census
A0441,Match,"4017 ILLINOIS ST, SAN DIEGO, CA, 92104",-117.127623761555,32.750692356257,06,073,San Diego city,census
A0442,Match,"7014 LANEWOOD AVE, LOS ANGELES, CA, 90028",-118.341876805569,34.099151448276,06,037,Los Angeles city,census
A0443,Match,"3526 FAIRMOUNT AVE, SAN DIEGO, CA, 92105",-117.101032546312,32.742658851729,06,073,San Diego city,census
A0444,Match,"231 COMMONWEALTH AVE, BOSTON, MA, 02116",-71.082259034359,42.351030509952,25,025,Boston city,census
A0445,Match,"8790 VAN NUYS BLVD, PANORAMA CITY, CA, 91402",-118.450185423298,34.229751001698,06,037,Los Angeles city,census
A0446,Match,"610 COLUMBUS AVE, BOSTON, MA, 02118",-71.083459763098,42.339112790328,25,025,Boston city,census
A0447,Match,"208 CLINTON ST, HOBOKEN, NJ, 07030",-74.035067789528,40.73966668696,34,017,Hoboken city,census
A0448,Match,"153 LAFAYETTE ST, NEWARK, NJ, 07105",-74.16637215896,40.730765527611,34,013,Newark city,census
A0449,Match,"338 CLINTON PL, NEWARK, NJ, 07112",-74.215190276398,40.712312782686,34,013,Newark city,census
A0450,Match,"94 NEPTUNE AVE, JERSEY CITY, NJ, 07305",-74.094734510649,40.691942000511,34,017,Jersey City city,census
A0451,Match,"7300 VALMONT ST, TUJUNGA, CA, 91042",-118.291114794412,34.252257110602,06,037,Los Angeles city,census
A0452,Match,"1310 N LAS PALMAS AVE, LOS ANGELES, CA, 90028",-118.336242443207,34.094610686343,06,037,Los Angeles city,census
A0453,Match,"11 CARLISLE ST, CAMBRIDGE, MA, 02139",-71.097785158487,42.372350092405,25,017,Cambridge city,census
A0454,Match,"8944 COLUMBUS AVE, NORTH HILLS, CA, 91343",-118.465331558771,34.232706363083,06,037,Los Angeles city,census
A0455,Match,"78 STEVENS AVE, JERSEY CITY, NJ, 07305",-74.087633111396,40.701284285212,34,017,Jersey City city,census
A0456,Match,"2151 CHATSWORTH BLVD, SAN DIEGO, CA, 92107",-117.228546774402,32.738822467011,06,073,San Diego city,census
A0457,Match,"1856 GREEN ST, SAN FRANCISCO, CA, 94123",-122.429684738163,37.796928164046,06,075,San Francisco city,census
A0458,Match,"1670 E 48TH PL, LOS ANGELES, CA, 90011",-118.243996855675,33.999307703621,06,037,Los Angeles city,census
A0459,Match,"202 SOUTH ST, JERSEY CITY, NJ, 07307",-74.051069939161,40.750737802252,34,017,Jersey City city,census
A0460,Match,"229 SHEPHARD AVE, NEWARK, NJ, 07112",-74.211611863532,40.712390393489,34,013,Newark city,census
A0461,Match,"735 11TH AVE, SAN FRANCISCO, CA, 94118",-122.469251256406,37.774456141897,06,075,San Francisco city,census
A0462,Match,"128 ST PAULS AVE, JERSEY CITY, NJ, 07306",-74.05676729519,40.736518619808,34,017,Jersey City city,census
A0463,Match,"4 BEECHWOOD ST, DORCHESTER, MA, 02121",-71.074772762892,42.30507257807,25,025,Boston city,census
A0464,Match,"98 DABNEY ST, ROXBURY, MA, 02119",-71.084731974369,42.324057161703,25,025,Boston city,census
A0465,Match,"141 OXFORD ST, CAMBRIDGE, MA, 02140",-71.116210705332,42.385287646163,25,017,Cambridge city,census
A0466,Match,"115 NORWAY ST, BOSTON, MA, 02115",-71.088829313111,42.345351761852,25,025,Boston city,census
A0467,Match,"24 ST ALBANS RD, BOSTON, MA, 02115",-71.106997184859,42.333878417918,25,025,Boston city,census
A0468,Match,"13 SHEPARD ST, CAMBRIDGE, MA, 02138",-71.121015754447,42.381661514871,25,017,Cambridge city,census
A0469,Match,"2701 SHATTUCK AVE, BERKELEY, CA, 94705",-122.266948509568,37.860021095027,06,001,Berkeley city,census
A0470,Match,"1919 CURTIS ST, BERKELEY, CA, 94702",-122.289620577483,37.870650504933,06,001,Berkeley city,census
A0471,Match,"334 GARDEN ST, HOBOKEN, NJ, 07030",-74.031817207369,40.74074767044,34,017,Hoboken city,census
A0472,Match,"321 WILLOW AVE, HOBOKEN, NJ, 07030",-74.033572724402,40.740882326316,34,017,Hoboken city,census
A0473,Match,"20 PHILLIPS ST, BOSTON, MA, 02114",-71.067296757754,42.360298905905,25,025,Boston city,census
A0474,Match,"3438 MCKINLEY AVE, LOS ANGELES, CA, 90011",-118.260382953065,34.012650923784,06,037,Los Angeles city,census
A0475,Match,"361 1ST ST, HOBOKEN, NJ, 07030",-74.035828506414,40.73824152843,34,017,Hoboken city,census
A0476,Match,"28 COTTAGE ST, NEWARK, NJ, 07102",-74.171964638319,40.728822422354,34,013,Newark city,census
A0477,Match,"2250 MISSION ST, SAN FRANCISCO, CA, 94110",-122.419353294864,37.761016013708,06,075,San Francisco city,census
A0478,Match,"3860 CHEROKEE AVE, SAN DIEGO, CA, 92104",-117.114420057856,32.748446614415,06,073,San Diego city,census
A0479,Match,"12948 MOORPARK ST, STUDIO CITY, CA, 91604",-118.415275590675,34.150301392175,06,037,Los Angeles city,census
A0480,Match,"4046 43RD ST, SAN DIEGO, CA, 92105",-117.102033252477,32.750481775488,06,073,San Diego city,census
A0481,Match,"536 LEAVENWORTH ST, SAN FRANCISCO, CA, 94109",-122.414634028725,37.786028326648,06,075,San Francisco city,census
A0482,Match,"101 CLIFTON PL, JERSEY CITY, NJ, 07304",-74.06487503221,40.721027897402,34,017,Jersey City city,census
A0483,Match,"1580 MARKET ST, SAN FRANCISCO, CA, 94102",-122.420119239496,37.774588554781,06,075,San Francisco city,census
A0484,No_Match,,,,,,,
A0485,Match,"302 WESTERN AVE, CAMBRIDGE, MA, 02139",-71.112809787533,42.364518126675,25,017,Cambridge city,census
A0486,Match,"2280 MISSION ST, SAN FRANCISCO, CA, 94110",-122.419309809634,37.760560895514,06,075,San Francisco city,census
A0487,Match,"2118 FILLMORE ST, SAN FRANCISCO, CA, 94115",-122.433810595937,37.789124926129,06,075,San Francisco city,census
A0488,Match,"197 BEACON ST, BOSTON, MA, 02116",-71.076768182377,42.354230756113,25,025,Boston city,census
A0489,Match,"204 GRAND ST, HOBOKEN, NJ, 07030",-74.036041272823,40.739786868515,34,017,Hoboken city,census
A0490,Match,"526 ADAMS ST, HOBOKEN, NJ, 07030",-74.035830171347,40.743676400471,34,017,Hoboken city,census
A0491,Match,"37 IRVING ST, NEWARK, NJ, 07104",-74.158667478138,40.778727063623,34,013,Newark city,census
A0492,Match,"800 S HARVARD BLVD, LOS ANGELES, CA, 90005",-118.304091662787,34.057623861111,06,037,Los Angeles city,census
A0493,Match,"4450 GEARY BLVD, SAN FRANCISCO, CA, 94118",-122.466976349979,37.781029854011,06,075,San Francisco city,census
A0494,Match,"2641 FRANKLIN ST, SAN FRANCISCO, CA, 94123",-122.425776460433,37.798725772954,06,075,San Francisco city,census
A0495,Match,"230 VAN HORNE ST, JERSEY CITY, NJ, 07304",-74.063078920845,40.713022199008,34,017,Jersey City city,census
A0496,Match,"512 32ND ST, SAN DIEGO, CA, 92102",-117.125336741291,32.710782090084,06,073,San Diego city,census
A0497,Match,"3750 29TH ST, SAN DIEGO, CA, 92104",-117.131053086987,32.74637529596,06,073,San Diego city,census
A0498,Match,"686 SUMMER AVE, NEWARK, NJ, 07104",-74.163386701052,40.775387981092,34,013,Newark city,census
A0499,Match,"8519 WILLIS AVE, PANORAMA CITY, CA, 91402",-118.455356959313,34.225076986186,06,037,Los Angeles city,census
A0500,Match,"8811 BURNET AVE, NORTH HILLS, CA, 91343",-118.463342888059,34.230253637086,06,037,Los Angeles city,census
