address_id,team_rule_id,ours,key
A0156,r-0015,superseded,applies
A0345,r-0016,superseded,applies
A0062,r-0015,superseded,applies
A0456,r-0015,superseded,unknown
A0432,r-0016,unknown,applies
A0060,r-0015,superseded,applies
A0035,r-0015,superseded,applies
A0180,r-0015,superseded,applies
A0477,r-0016,superseded,applies
A0328,r-0015,superseded,applies
A0304,r-0015,superseded,unknown
A0469,r-0015,superseded,unknown
A0016,r-0016,superseded,applies
A0114,r-0015,superseded,unknown
A0240,r-0015,superseded,unknown
A0452,r-0015,superseded,applies
A0345,r-0015,superseded,applies
A0470,r-0015,superseded,unknown
A0340,r-0016,superseded,applies
A0401,r-0015,superseded,applies
A0432,r-0015,superseded,applies
A0434,r-0016,superseded,applies
A0027,r-0016,superseded,applies
A0164,r-0016,superseded,applies
A0477,r-0015,superseded,applies
A0365,r-0015,superseded,unknown
A0357,r-0015,superseded,applies
A0443,r-0015,superseded,unknown
A0497,r-0015,superseded,unknown
A0016,r-0015,superseded,applies
A0031,r-0016,superseded,applies
A0037,r-0015,superseded,applies
A0067,r-0016,superseded,applies
A0210,r-0015,superseded,unknown
A0141,r-0016,superseded,applies
A0340,r-0015,superseded,applies
A0255,r-0016,superseded,applies
A0434,r-0015,superseded,applies
A0392,r-0015,superseded,unknown
A0319,r-0015,superseded,unknown
A0275,r-0015,superseded,unknown
A0235,r-0015,superseded,unknown
A0027,r-0015,superseded,applies
A0442,r-0015,superseded,applies
A0202,r-0016,superseded,applies
A0397,r-0016,superseded,applies
A0427,r-0015,superseded,applies
A0318,r-0015,superseded,unknown
A0067,r-0015,superseded,applies
A0212,r-0016,superseded,applies
A0173,r-0016,superseded,applies
A0133,r-0016,superseded,applies
A0147,r-0016,superseded,applies
A0487,r-0015,superseded,applies
A0330,r-0015,superseded,unknown
A0202,r-0015,superseded,applies
A0441,r-0015,superseded,unknown
A0323,r-0016,superseded,applies
A0283,r-0015,superseded,applies
A0173,r-0015,superseded,applies
A0133,r-0015,superseded,applies
A0113,r-0015,superseded,unknown
A0201,r-0015,superseded,unknown
A0066,r-0015,superseded,applies
A0005,r-0015,superseded,unknown
A0074,r-0016,superseded,applies
A0236,r-0015,superseded,applies
A0158,r-0015,superseded,unknown
A0238,r-0016,superseded,applies
A0055,r-0016,superseded,applies
A0281,r-0016,superseded,applies
A0384,r-0016,superseded,applies
A0200,r-0015,superseded,unknown
A0370,r-0016,superseded,applies
A0273,r-0015,superseded,unknown
A0122,r-0016,superseded,applies
A0433,r-0016,superseded,applies
A0228,r-0016,superseded,applies
A0481,r-0015,superseded,applies
A0135,r-0015,superseded,applies
A0106,r-0015,superseded,unknown
A0367,r-0015,superseded,unknown
A0150,r-0015,superseded,unknown
A0074,r-0015,superseded,applies
A0281,r-0015,superseded,applies
A0370,r-0015,superseded,applies
A0433,r-0015,superseded,applies
A0081,r-0015,superseded,applies
A0111,r-0015,superseded,applies
A0364,r-0016,superseded,applies
A0184,r-0016,superseded,applies
A0486,r-0016,superseded,applies
A0251,r-0015,superseded,unknown
A0197,r-0015,superseded,unknown
A0097,r-0015,superseded,applies
A0192,r-0016,superseded,applies
A0001,r-0016,superseded,applies
A0268,r-0016,superseded,applies
A0364,r-0015,superseded,applies
A0494,r-0016,superseded,applies
A0458,r-0016,superseded,applies
A0084,r-0016,superseded,applies
A0004,r-0016,superseded,applies
A0189,r-0015,superseded,unknown
A0421,r-0015,superseded,applies
A0268,r-0015,superseded,applies
A0154,r-0015,superseded,unknown
A0079,r-0016,superseded,applies
A0411,r-0015,superseded,unknown
A0368,r-0016,superseded,applies
A0335,r-0015,superseded,applies
A0239,r-0015,superseded,unknown
A0172,r-0015,superseded,applies
A0494,r-0015,superseded,applies
A0458,r-0015,superseded,applies
A0018,r-0015,superseded,unknown
A0084,r-0015,superseded,applies
A0188,r-0015,superseded,unknown
A0229,r-0016,superseded,applies
A0274,r-0015,superseded,unknown
A0492,r-0015,superseded,unknown
A0117,r-0016,superseded,applies
A0041,r-0016,superseded,applies
A0145,r-0015,superseded,unknown
A0079,r-0015,superseded,applies
A0222,r-0015,superseded,applies
A0483,r-0016,superseded,applies
A0262,r-0015,superseded,unknown
A0457,r-0016,superseded,applies
A0417,r-0015,superseded,unknown
A0023,r-0015,superseded,applies
A0153,r-0016,superseded,applies
A0041,r-0015,superseded,applies
A0454,r-0016,superseded,applies
A0237,r-0016,superseded,applies
A0107,r-0015,superseded,applies
A0021,r-0016,superseded,applies
A0248,r-0016,superseded,applies
A0334,r-0015,superseded,unknown
A0461,r-0016,superseded,applies
A0457,r-0015,superseded,applies
A0375,r-0016,superseded,applies
A0237,r-0015,superseded,applies
A0402,r-0016,superseded,applies
A0246,r-0015,superseded,unknown
A0259,r-0016,superseded,applies
A0231,r-0015,superseded,applies
A0499,r-0015,superseded,applies
A0324,r-0016,superseded,applies
A0426,r-0015,superseded,unknown
A0461,r-0015,superseded,applies
A0500,r-0016,superseded,applies
A0109,r-0015,superseded,unknown
A0419,r-0015,superseded,unknown
A0316,r-0015,superseded,unknown
A0315,r-0015,superseded,applies
A0341,r-0015,superseded,unknown
A0260,r-0015,superseded,unknown
A0259,r-0015,superseded,applies
A0157,r-0015,superseded,unknown
A0105,r-0015,superseded,unknown
A0127,r-0016,superseded,applies
A0500,r-0015,superseded,applies
A0030,r-0016,superseded,applies
A0478,r-0015,superseded,unknown
A0225,r-0016,superseded,applies
A0178,r-0016,superseded,applies
A0414,r-0016,superseded,applies
A0387,r-0015,superseded,unknown
A0103,r-0015,superseded,unknown
A0014,r-0016,superseded,applies
A0474,r-0016,superseded,applies
A0127,r-0015,superseded,applies
A0267,r-0015,superseded,unknown
A0327,r-0016,superseded,applies
A0030,r-0015,superseded,applies
A0206,r-0016,superseded,applies
A0303,r-0016,superseded,applies
A0445,r-0016,superseded,applies
A0178,r-0015,superseded,applies
A0414,r-0015,superseded,applies
A0112,r-0016,superseded,applies
A0253,r-0016,superseded,applies
A0164,r-0015,superseded,applies
A0451,r-0015,superseded,applies
A0031,r-0015,superseded,applies
A0141,r-0015,superseded,applies
A0496,r-0015,superseded,unknown
A0425,r-0016,superseded,applies
A0091,r-0015,superseded,unknown
A0305,r-0016,superseded,applies
A0050,r-0015,superseded,applies
A0327,r-0015,superseded,applies
A0255,r-0015,superseded,applies
A0303,r-0015,superseded,applies
A0193,r-0015,superseded,unknown
A0484,r-0016,superseded,applies
A0351,r-0016,superseded,applies
A0025,r-0015,superseded,unknown
A0397,r-0015,superseded,applies
A0282,r-0015,superseded,unknown
A0069,r-0016,superseded,applies
A0162,r-0015,superseded,applies
A0289,r-0015,superseded,unknown
A0121,r-0015,superseded,unknown
A0379,r-0015,superseded,unknown
A0425,r-0015,superseded,applies
A0212,r-0015,superseded,applies
A0085,r-0016,superseded,applies
A0058,r-0015,superseded,unknown
A0094,r-0015,superseded,unknown
A0333,r-0015,superseded,unknown
A0022,r-0015,superseded,unknown
A0484,r-0015,superseded,applies
A0147,r-0015,superseded,applies
A0280,r-0016,superseded,applies
A0328,r-0016,superseded,applies
A0285,r-0015,superseded,unknown
A0374,r-0015,superseded,applies
A0183,r-0015,superseded,unknown
A0452,r-0016,superseded,applies
A0398,r-0016,superseded,applies
A0386,r-0015,superseded,unknown
A0351,r-0015,superseded,applies
A0401,r-0016,superseded,applies
A0088,r-0016,superseded,applies
A0207,r-0016,superseded,applies
A0069,r-0015,superseded,applies
A0323,r-0015,superseded,applies
A0085,r-0015,superseded,applies
A0396,r-0015,superseded,unknown
A0280,r-0015,superseded,applies
A0398,r-0015,superseded,applies
A0216,r-0015,superseded,unknown
A0234,r-0015,superseded,unknown
A0355,r-0015,superseded,applies
A0277,r-0015,superseded,unknown
A0088,r-0015,superseded,applies
A0207,r-0015,superseded,applies
A0152,r-0015,superseded,unknown
A0167,r-0015,superseded,unknown
A0252,r-0015,superseded,applies
A0238,r-0015,superseded,applies
A0055,r-0015,superseded,applies
A0384,r-0015,superseded,applies
A0391,r-0015,superseded,unknown
A0122,r-0015,superseded,applies
A0407,r-0016,superseded,applies
A0228,r-0015,superseded,applies
A0045,r-0015,superseded,applies
A0487,r-0016,superseded,applies
A0263,r-0015,superseded,unknown
A0395,r-0015,superseded,unknown
A0430,r-0015,superseded,unknown
A0138,r-0016,superseded,applies
A0408,r-0016,superseded,applies
A0184,r-0015,superseded,applies
A0486,r-0015,superseded,applies
A0407,r-0015,superseded,applies
A0033,r-0016,superseded,applies
A0038,r-0016,superseded,applies
A0179,r-0016,superseded,applies
A0142,r-0016,superseded,applies
A0192,r-0015,superseded,applies
A0001,r-0015,superseded,applies
A0215,r-0016,superseded,applies
A0138,r-0015,superseded,applies
A0317,r-0015,superseded,unknown
A0408,r-0015,superseded,applies
A0236,r-0016,superseded,applies
A0278,r-0016,superseded,applies
A0019,r-0015,superseded,unknown
A0276,r-0015,superseded,unknown
A0004,r-0015,superseded,applies
A0033,r-0015,superseded,applies
A0293,r-0016,superseded,applies
A0165,r-0015,superseded,unknown
A0038,r-0015,superseded,applies
A0179,r-0015,superseded,applies
A0196,r-0016,superseded,applies
A0142,r-0015,superseded,applies
A0493,r-0016,superseded,applies
A0481,r-0016,superseded,applies
A0215,r-0015,superseded,applies
A0135,r-0016,superseded,applies
A0368,r-0015,superseded,applies
A0278,r-0015,superseded,applies
A0257,r-0015,superseded,unknown
A0293,r-0015,superseded,applies
A0229,r-0015,superseded,applies
A0092,r-0015,superseded,unknown
A0219,r-0015,superseded,unknown
A0117,r-0015,superseded,applies
A0196,r-0015,superseded,applies
A0205,r-0015,superseded,unknown
A0347,r-0015,superseded,unknown
A0346,r-0015,superseded,unknown
A0493,r-0015,superseded,applies
A0097,r-0016,superseded,applies
A0314,r-0016,superseded,applies
A0224,r-0016,superseded,applies
A0483,r-0015,superseded,applies
A0126,r-0016,superseded,applies
A0309,r-0016,superseded,applies
A0007,r-0016,superseded,applies
A0153,r-0015,superseded,applies
A0378,r-0015,superseded,unknown
A0454,r-0015,superseded,applies
A0420,r-0015,superseded,unknown
A0314,r-0015,superseded,applies
A0021,r-0015,superseded,applies
A0248,r-0015,superseded,applies
A0224,r-0015,superseded,applies
A0126,r-0015,superseded,applies
A0309,r-0015,superseded,applies
A0421,r-0016,superseded,applies
A0007,r-0015,superseded,applies
A0375,r-0015,superseded,applies
A0349,r-0015,superseded,unknown
A0335,r-0016,superseded,applies
A0402,r-0015,superseded,applies
A0172,r-0016,superseded,applies
A0072,r-0016,superseded,applies
A0385,r-0015,superseded,applies
A0170,r-0015,superseded,applies
A0324,r-0015,superseded,applies
A0115,r-0016,superseded,applies
A0440,r-0016,superseded,applies
A0222,r-0016,superseded,applies
A0213,r-0015,superseded,applies
A0247,r-0015,superseded,unknown
A0322,r-0015,superseded,unknown
A0409,r-0015,superseded,unknown
A0072,r-0015,superseded,applies
A0353,r-0015,superseded,unknown
A0115,r-0015,superseded,applies
A0107,r-0016,unknown,applies
A0225,r-0015,superseded,applies
A0413,r-0015,superseded,unknown
A0383,r-0015,superseded,unknown
A0440,r-0015,superseded,applies
A0363,r-0015,superseded,unknown
A0014,r-0015,superseded,applies
A0061,r-0016,superseded,applies
A0431,r-0015,superseded,unknown
A0474,r-0015,superseded,applies
A0405,r-0015,superseded,applies
A0382,r-0016,superseded,applies
A0437,r-0015,superseded,applies
A0271,r-0016,superseded,applies
A0080,r-0015,superseded,applies
A0439,r-0015,superseded,applies
A0206,r-0015,superseded,applies
A0445,r-0015,superseded,applies
A0231,r-0016,superseded,applies
A0112,r-0015,superseded,applies
A0499,r-0016,superseded,applies
A0156,r-0016,superseded,applies
A0253,r-0015,superseded,applies
A0373,r-0015,superseded,unknown
A0100,r-0015,superseded,unknown
A0062,r-0016,superseded,applies
A0061,r-0015,superseded,applies
A0060,r-0016,superseded,applies
A0382,r-0015,superseded,applies
A0480,r-0015,superseded,unknown
A0479,r-0015,superseded,applies
A0271,r-0015,superseded,applies
A0369,r-0015,superseded,unknown
A0305,r-0015,superseded,applies
