log_id,gold_id,field,independent_value,silver_value,primary_source_url,recommendation,reason,decided_by,decision,decided_at
L001,CA-RENT-01,key_value,lesser of 5% + CPI or 10% per 12 months,"5% + CPI, max 10% per 12 months",https://leginfo.legislature.ca.gov/faces/codes_displaySection.xhtml?lawCode=CIV&sectionNum=1947.12,no change (wording only),Wording differs; substance equivalent.,Hamza,"accepted in bulk as no-change; not individually reviewed (Hamza, 2026-10-04)",2026-10-03T20:55Z
L002,CA-JUST-01,key_value,just cause required after 12 months of occupancy; 1 month relocation assistance for no-fault,Just cause required after 12 months' continuous occupancy,https://leginfo.legislature.ca.gov/faces/codes_displaySection.xhtml?lawCode=CIV&sectionNum=1946.2,no change (equivalent),Wording only; both describe the 12-month trigger. No change needed.,Hamza,"accepted in bulk as no-change; not individually reviewed (Hamza, 2026-10-04)",2026-10-03T20:55Z
L003,CA-DEP-01,key_value,1 month's rent (2 months for qualifying small landlords),1 month's rent; 2 months for qualifying small landlords,https://leginfo.legislature.ca.gov/faces/codes_displaySection.xhtml?lawCode=CIV&sectionNum=1950.5,no change (wording only),Wording differs; substance equivalent.,Hamza,"accepted in bulk as no-change; not individually reviewed (Hamza, 2026-10-04)",2026-10-03T20:55Z
L004,CA-FEE-01,key_value,$30 (1997 base) adjusted annually by CPI from 1998-01-01; no single official 2026 dollar figure,"Actual out-of-pocket cost, capped at CPI-adjusted statutory amount; no fee when no unit is available",https://leginfo.legislature.ca.gov/faces/codes_displaySection.xhtml?lawCode=CIV&sectionNum=1950.6,adopt independent,,Hamza,adopt independent,2026-10-03T20:45Z
L005,CA-SCRN-01,citation,"Cal. Gov. Code § 12955(a), (p)","Cal. Gov. Code § 12955 (FEHA), as amended by SB 329",https://leginfo.legislature.ca.gov/faces/codes_displaySection.xhtml?lawCode=GOV&sectionNum=12955,no change (independent cite is more specific),Same provision; independent cites the operative section.,Hamza,"accepted in bulk as no-change; not individually reviewed (Hamza, 2026-10-04)",2026-10-03T20:55Z
L006,CA-SCRN-01,key_value,source of income (incl. Section 8 vouchers) is a protected characteristic,Housing vouchers count as income; refusal based on source of income is unlawful,https://leginfo.legislature.ca.gov/faces/codes_displaySection.xhtml?lawCode=GOV&sectionNum=12955,no change (wording only),Wording differs; substance equivalent.,Hamza,"accepted in bulk as no-change; not individually reviewed (Hamza, 2026-10-04)",2026-10-03T20:55Z
L007,CA-ALG-01,citation,"Cal. Bus. & Prof. Code § 16729 (added by AB 325, Stats. 2025 ch. 338)","Cal. Bus. & Prof. Code § 16700 et seq., as amended by AB 325 (2025)",https://leginfo.legislature.ca.gov/faces/billNavClient.xhtml?bill_id=202520260AB325,adopt independent,Corpus D022 shows AB 325 adds Bus. & Prof. Code §§ 16729 and 16756.1; § 16729 is the operative prohibition. Recommend independent (specific section).,Hamza,adopt independent,2026-10-03T20:45Z
L008,CA-ALG-01,key_value,prohibition on use/distribution of common pricing algorithms in restraint of trade,Unlawful to use/distribute a common pricing algorithm in restraint of trade or to coerce adoption of its recommended price,https://leginfo.legislature.ca.gov/faces/billNavClient.xhtml?bill_id=202520260AB325,no change (wording only),Wording differs; substance equivalent.,Hamza,"accepted in bulk as no-change; not individually reviewed (Hamza, 2026-10-04)",2026-10-03T20:55Z
L009,SF-RENT-01,effective_date,,2026-03-01,https://www.sf.gov/news--annual-rent-increase-3126-22827-announced,Hamza decides,"Silver uses the rate-period start (2026-03-01, D080); independent leaves null because the Rent Ordinance dates from 1979 and the rate is annual. Decision for Hamza: rate-period date vs null.",Hamza,2026-03-01 (rate period start; ordinance since 1979),2026-10-03T20:50Z
L010,SF-RENT-01,citation,S.F. Admin. Code § 37.3(a),S.F. Admin. Code ch. 37; Rent Board rate notice,https://www.sf.gov/news--annual-rent-increase-3126-22827-announced,no change (equivalent),Independent cites § 37.3(a) (allowable increases); silver cites ch. 37 generally. Equivalent; prefer the section.,Hamza,"accepted in bulk as no-change; not individually reviewed (Hamza, 2026-10-04)",2026-10-03T20:55Z
L011,SF-RENT-01,key_value,1.6% (2026-03-01 to 2027-02-28); formula 60% of CPI,1.6% for 1 Mar 2026 - 28 Feb 2027 (60% of CPI),https://www.sf.gov/news--annual-rent-increase-3126-22827-announced,no change (wording only),Wording differs; substance equivalent.,Hamza,"accepted in bulk as no-change; not individually reviewed (Hamza, 2026-10-04)",2026-10-03T20:55Z
L012,SF-JUST-01,citation,S.F. Admin. Code § 37.9(a),S.F. Admin. Code § 37.9,https://sf.gov/information/overview-just-cause-evictions,no change (equivalent),Equivalent (§ 37.9 vs § 37.9(a)).,Hamza,"accepted in bulk as no-change; not individually reviewed (Hamza, 2026-10-04)",2026-10-03T20:55Z
L013,SF-JUST-01,key_value,17 enumerated just causes,Eviction only for the enumerated just causes,https://sf.gov/information/overview-just-cause-evictions,no change (wording only),Wording differs; substance equivalent.,Hamza,"accepted in bulk as no-change; not individually reviewed (Hamza, 2026-10-04)",2026-10-03T20:55Z
L014,SF-ALG-01,key_value,ban on sale/use of algorithmic rent-setting devices,Prohibits sale or use of algorithmic devices to set rents or occupancy levels,https://www.sf.gov/news/new-law-prohibits-algorithmic-devices-used-set-rents-san-francisco,no change (wording only),Wording differs; substance equivalent.,Hamza,"accepted in bulk as no-change; not individually reviewed (Hamza, 2026-10-04)",2026-10-03T20:55Z
L015,SF-SCRN-01,citation,S.F. Police Code art. 49 (§§ 4901 et seq.),S.F. Police Code art. 49 (Fair Chance Ordinance),https://sf-hrc.org/fair-chance-ordinance,no change (independent cite is more specific),Same provision; independent cites the operative section.,Hamza,"accepted in bulk as no-change; not individually reviewed (Hamza, 2026-10-04)",2026-10-03T20:55Z
L016,SF-SCRN-01,key_value,criminal-history limits for affordable housing providers,Limits use of criminal history in affordable-housing decisions,https://sf-hrc.org/fair-chance-ordinance,no change (wording only),Wording differs; substance equivalent.,Hamza,"accepted in bulk as no-change; not individually reviewed (Hamza, 2026-10-04)",2026-10-03T20:55Z
L017,LA-RENT-01,citation,L.A. Mun. Code § 151.06 (as amended by Ord. No. 188795),"L.A. Mun. Code ch. XV, art. 1 (RSO); LAHD RSO overview",https://housing.lacity.gov/residents/rso-overview,adopt independent,Independent adds Ord. No. 188795 and § 151.06 (City Clerk CF 23-1134); silver cites the RSO generally. Prefer independent.,Hamza,adopt independent,2026-10-03T20:45Z
L018,LA-RENT-01,key_value,"3% (Jul 2025–Jun 2026); from Jul 2026 formula = 90% of CPI, floor 1%, cap 4%",Annual allowable increase set by LAHD formula (2026 formula; utility and dependent add-ons removed from 2026-02-02),https://housing.lacity.gov/residents/rso-overview,adopt independent,"Independent records 3% (Jul 2025–Jun 2026) and the 90%-of-CPI / 1% floor / 4% cap formula (AAGLA, secondary; LAHD page confirms 2026-02-02 changes). Silver has the formula description without numbers. Prefer independent; numbers for Jul 2026–Jun 2027 not confirmed on an official page.",Hamza,adopt independent,2026-10-03T20:45Z
L019,LA-JUST-01,citation,"L.A. Mun. Code § 165.03 (Art. 5.3, Ch. XVI; Ord. No. 187737)",L.A. Mun. Code § 165.00 et seq. (JCO),https://housing.lacity.gov/residents/just-cause-for-eviction-ordinance-jco,no change (equivalent),"Equivalent (§ 165.00 et seq. vs § 165.03 / Ord. 187737, verified against the City Clerk PDF).",Hamza,"accepted in bulk as no-change; not individually reviewed (Hamza, 2026-10-04)",2026-10-03T20:55Z
L020,LA-JUST-01,key_value,just cause required after 6 months or lease expiry; relocation assistance for no-fault,"Just cause required after 6 months or first lease expiry, whichever first",https://housing.lacity.gov/residents/just-cause-for-eviction-ordinance-jco,no change (wording only),Wording differs; substance equivalent.,Hamza,"accepted in bulk as no-change; not individually reviewed (Hamza, 2026-10-04)",2026-10-03T20:55Z
L021,LA-DEP-01,key_value,annual interest on deposits (RSO units),Landlord must pay interest on security deposits for RSO units,https://housing.lacity.gov/residents/rso-overview,no change (wording only),Wording differs; substance equivalent.,Hamza,"accepted in bulk as no-change; not individually reviewed (Hamza, 2026-10-04)",2026-10-03T20:55Z
L022,LA-DEP-01,source,(see note),(see note),https://housing.lacity.gov/residents/rso-overview,adopt independent,"Independent additionally cites official LAHD RSO overview (D041 lists ""Interest Payments on Security Deposits""); silver relied on AAGLA only.",Hamza,adopt independent,2026-10-03T20:45Z
L023,BERK-RENT-01,citation,Berkeley Mun. Code § 13.76.110(A),Berkeley Mun. Code ch. 13.76 (Rent Ordinance),https://rentboard.berkeleyca.gov/sites/default/files/documents/AGA%20Public%20Notice.pdf,no change (independent cite is more specific),Same provision; independent cites the operative section.,Hamza,"accepted in bulk as no-change; not individually reviewed (Hamza, 2026-10-04)",2026-10-03T20:55Z
L024,BERK-RENT-01,key_value,1.0% for 2026 (65% of CPI; 5% cap),Annual General Adjustment set by Rent Board,https://rentboard.berkeleyca.gov/sites/default/files/documents/AGA%20Public%20Notice.pdf,adopt independent,Independent gives 1.0% for 2026 (D008 official notice) and the 65%-of-CPI / 5% cap formula (berkeley.municipal.codes 13.76.110); silver has no number. Prefer independent.,Hamza,adopt independent,2026-10-03T20:45Z
L025,BERK-SCRN-01,effective_date,2020,2020-03-12,https://rentboard.berkeleyca.gov/Fair_Chance,Hamza decides,"Silver 2020-03-12 (unsourced). Independent: adopted 2020-04-14 per Rent Board page D003 (""On April 14, 2020, Berkeley City Council passed...""); exact effective date not shown by the code publisher → year precision 2020. Neither value is primary-verified to the day; recommend 2020 (or verify Ord. 7692-NS second reading/effective date).",Hamza,2020-04 + adoption_date 2020-04-14,2026-10-03T20:50Z
L026,BERK-SCRN-01,citation,Berkeley Mun. Code § 13.106.040 (Ord. 7692-NS),Berkeley Mun. Code ch. 13.106,https://rentboard.berkeleyca.gov/Fair_Chance,adopt independent,,Hamza,adopt independent,2026-10-03T20:45Z
L027,BERK-SCRN-01,key_value,ban on criminal-history inquiry and use in housing decisions,Prohibits asking about or using criminal history in rental decisions,https://rentboard.berkeleyca.gov/Fair_Chance,no change (wording only),Wording differs; substance equivalent.,Hamza,"accepted in bulk as no-change; not individually reviewed (Hamza, 2026-10-04)",2026-10-03T20:55Z
L028,BERK-ALG-01,effective_date,2026-01-01,2026-03-01,https://berkeleyca.gov/sites/default/files/documents/2025-12-02%20Item%2001%20Ordinance%207992.pdf,Hamza decides,"Silver 2026-03-01 (README text date). Independent 2026-01-01: berkeley.municipal.codes records Ord. 7992-NS adopted 2025-12-02, effective 2026-01-01, and the corpus text D001 has no delayed-effect clause; the 2026-03-01 clause belonged to the superseded Ord. 7974-NS. Organisers list this as an open question — Hamza decides (open_questions Q1).",Hamza,"2026-01-01, conflict_flag=true (Q1)",2026-10-03T20:45Z
L029,BERK-ALG-01,citation,Berkeley Mun. Code § 13.63.030 (Ord. 7992-NS),Berkeley Mun. Code ch. 13.63 (Ord. 7992),https://berkeleyca.gov/sites/default/files/documents/2025-12-02%20Item%2001%20Ordinance%207992.pdf,no change (equivalent),Equivalent; independent cites § 13.63.030 (prohibition) + Ord. 7992-NS.,Hamza,"accepted in bulk as no-change; not individually reviewed (Hamza, 2026-10-04)",2026-10-03T20:55Z
L030,BERK-ALG-01,key_value,ban on sale/use of coordinated pricing algorithms,Prohibits use of algorithmic devices to set rents/occupancy,https://berkeleyca.gov/sites/default/files/documents/2025-12-02%20Item%2001%20Ordinance%207992.pdf,no change (wording only),Wording differs; substance equivalent.,Hamza,"accepted in bulk as no-change; not individually reviewed (Hamza, 2026-10-04)",2026-10-03T20:55Z
L031,SD-JUST-01,citation,San Diego Mun. Code § 98.0704 (O-21647 N.S.),"S.D. Mun. Code ch. 9, art. 8, div. 7 (§ 98.0701 et seq.)",https://docs.sandiego.gov/municode/municodechapter09/ch09art08division07.pdf,no change (independent cite is more specific),Same provision; independent cites the operative section.,Hamza,"accepted in bulk as no-change; not individually reviewed (Hamza, 2026-10-04)",2026-10-03T20:55Z
L032,SD-JUST-01,key_value,just cause required; 2 months relocation (3 for elderly/disabled),Just cause and relocation assistance beyond state law,https://docs.sandiego.gov/municode/municodechapter09/ch09art08division07.pdf,no change (wording only),Wording differs; substance equivalent.,Hamza,"accepted in bulk as no-change; not individually reviewed (Hamza, 2026-10-04)",2026-10-03T20:55Z
L033,SD-SCRN-01,effective_date,2018-10-18,,https://www.nhlp.org/wp-content/uploads/SD-Municipal-Code-SOI-Article-08-Housing-1.pdf,Hamza decides,"Silver null; independent 2018-10-18 from the SDMC history note ""O–20986 N.S.; effective 10-18-2018"" (NHLP mirror of the code). Operative date 2019-08-01 reported by SDAR (secondary) – flagged.",Hamza,"2019-08-01, conflict_flag true, note code history 2018-10-18, confidence ≤0.7",2026-10-03T20:50Z
L034,SD-SCRN-01,citation,San Diego Mun. Code § 98.0803 (O-20986 N.S.),"S.D. Mun. Code ch. 9, art. 8, div. 8",https://www.nhlp.org/wp-content/uploads/SD-Municipal-Code-SOI-Article-08-Housing-1.pdf,no change (equivalent),Equivalent; independent cites § 98.0803 specifically.,Hamza,"accepted in bulk as no-change; not individually reviewed (Hamza, 2026-10-04)",2026-10-03T20:55Z
L035,SD-SCRN-01,key_value,source of income (incl. vouchers) protected,Prohibits discrimination based on source of income (incl. vouchers),https://www.nhlp.org/wp-content/uploads/SD-Municipal-Code-SOI-Article-08-Housing-1.pdf,no change (wording only),Wording differs; substance equivalent.,Hamza,"accepted in bulk as no-change; not individually reviewed (Hamza, 2026-10-04)",2026-10-03T20:55Z
L036,SD-ALG-01,citation,San Diego Mun. Code § 98.1103 (O-21955 N.S.),S.D. Mun. Code §§ 98.1101-98.1104 (O-21955 N.S.),https://gocodebook.com/library/us/ca/san-diego-zoning/division-11-prohibition-of-anti-competitive-automated-rent-price-fixing/98.1103-use-and-sale-of-algorithmic-devices-prohibited,no change (independent cite is more specific),Same provision; independent cites the operative section.,Hamza,"accepted in bulk as no-change; not individually reviewed (Hamza, 2026-10-04)",2026-10-03T20:55Z
L037,SD-ALG-01,key_value,ban on sale/use of algorithmic rent-setting devices,Prohibits sale and use of algorithmic devices to set rents,https://gocodebook.com/library/us/ca/san-diego-zoning/division-11-prohibition-of-anti-competitive-automated-rent-price-fixing/98.1103-use-and-sale-of-algorithmic-devices-prohibited,no change (wording only),Wording differs; substance equivalent.,Hamza,"accepted in bulk as no-change; not individually reviewed (Hamza, 2026-10-04)",2026-10-03T20:55Z
L038,SA-RENT-01,citation,Santa Ana Mun. Code § 8-1998 et seq. (Rent Stabilization Ordinance),"Santa Ana Mun. Code ch. 8, art. XIX (Ord. NS-3011)",https://santa-ana.gov/departments/rent-stabilization,adopt silver if verified,"Silver cites Ord. NS-3011; independent could not verify an ordinance/section number (press release D085 only). If NS-3011/NS-3012 can be confirmed from the Santa Ana code, adopt silver's numbers.",Hamza,"accepted in bulk as no-change; not individually reviewed (Hamza, 2026-10-04)",2026-10-03T20:55Z
L039,SA-RENT-01,key_value,lesser of 3% or 80% of CPI; 2.87% for Sep 2026–Aug 2027,Lesser of 3% or 80% of CPI per year,https://santa-ana.gov/departments/rent-stabilization,adopt independent,,Hamza,adopt independent,2026-10-03T20:45Z
L040,SA-JUST-01,citation,"Santa Ana Mun. Code (Just Cause Eviction Ordinance, 2021)","Santa Ana Mun. Code ch. 8, art. XX (Ord. NS-3012)",https://santa-ana.gov/santa-ana-city-council-adopts-rent-stabilization-and-just-cause-eviction-ordinances-effective-nov-19,adopt independent,As above (silver NS-3012 unverified by independent).,Hamza,adopt independent,2026-10-03T20:45Z
L041,SA-JUST-01,key_value,just cause after 30 days; 3 months relocation for no-fault,Eviction only for enumerated causes; relocation assistance,https://santa-ana.gov/santa-ana-city-council-adopts-rent-stabilization-and-just-cause-eviction-ordinances-effective-nov-19,no change (wording only),Wording differs; substance equivalent.,Hamza,"accepted in bulk as no-change; not individually reviewed (Hamza, 2026-10-04)",2026-10-03T20:55Z
L042,SA-ALG-01,effective_date,,2026-04,https://www.publicceo.com/2026/02/santa-ana-city-council-continues-to-strengthen-tenant-protections-by-banning-anticompetitive-rent-setting-software/,Hamza decides,Silver 2026-04 (from news/Morgan Lewis). Independent null: no primary source reached (rule 5.1/5.2); secondary sources say 2026-04-02. Decision: accept month precision from secondary sources or keep null.,Hamza,null; note news reports April 2026,2026-10-03T20:50Z
L043,SA-ALG-01,citation,Santa Ana Ordinance No. NS-3090 (code section not verified),Santa Ana Ord. NS-3090,https://www.publicceo.com/2026/02/santa-ana-city-council-continues-to-strengthen-tenant-protections-by-banning-anticompetitive-rent-setting-software/,no change (independent cite is more specific),Same provision; independent cites the operative section.,Hamza,"accepted in bulk as no-change; not individually reviewed (Hamza, 2026-10-04)",2026-10-03T20:55Z
L044,SA-ALG-01,key_value,ban on sale/use of algorithmic rent-setting software,Prohibits use of anticompetitive rent-setting software,https://www.publicceo.com/2026/02/santa-ana-city-council-continues-to-strengthen-tenant-protections-by-banning-anticompetitive-rent-setting-software/,no change (wording only),Wording differs; substance equivalent.,Hamza,"accepted in bulk as no-change; not individually reviewed (Hamza, 2026-10-04)",2026-10-03T20:55Z
L045,NJ-RENT-00,citation,N.J.S.A. 2A:18-61.1(f) (no statewide cap),N.J.S.A. 2A:18-61.1(f); municipal ordinances govern,https://law.justia.com/codes/new-jersey/title-2a/section-2a-18-61-1/,no change (independent cite is more specific),Same provision; independent cites the operative section.,Hamza,"accepted in bulk as no-change; not individually reviewed (Hamza, 2026-10-04)",2026-10-03T20:55Z
L046,NJ-JUST-01,effective_date,,1974-06-25,https://law.justia.com/codes/new-jersey/title-2a/section-2a-18-61-1/,Hamza decides,,Hamza,null (Q17: long-standing statutes null unless source text states an effective date),2026-10-03T20:50Z
L047,NJ-JUST-01,key_value,statutory good cause required for removal,Eviction only on enumerated good-cause grounds,https://law.justia.com/codes/new-jersey/title-2a/section-2a-18-61-1/,no change (wording only),Wording differs; substance equivalent.,Hamza,"accepted in bulk as no-change; not individually reviewed (Hamza, 2026-10-04)",2026-10-03T20:55Z
L048,NJ-FEE-01,citation,"N.J.S.A. 46:8-18.1 (P.L.2025, c.405, § 1)","N.J.S.A. 46:8-? (P.L.2025, c.405)",https://pub.njleg.gov/bills/2024/PL25/405_.HTM,adopt independent,"Silver ""46:8-?""; independent N.J.S.A. 46:8-18.1 — verified in corpus D066 (""C.46:8-18.1 Residential rental property application fee not to exceed $50""). Adopt independent.",Hamza,adopt independent,2026-10-03T20:45Z
L049,NJ-FEE-01,key_value,$50 (CPI-adjusted from January 2027),$50 cap; penalty up to $500 per violation,https://pub.njleg.gov/bills/2024/PL25/405_.HTM,no change (equivalent),Independent adds CPI adjustment from January 2027 (D066 § 1(d)). Compatible.,Hamza,"accepted in bulk as no-change; not individually reviewed (Hamza, 2026-10-04)",2026-10-03T20:55Z
L050,NJ-SCRN-01,citation,"N.J.S.A. 46:8-55 (P.L.2021, c.110)","N.J.S.A. 46:8-52 et seq. (P.L.2021, c.110)",https://pub.njleg.gov/bills/2020/PL21/110_.HTM,no change (independent cite is more specific),Same provision; independent cites the operative section.,Hamza,"accepted in bulk as no-change; not individually reviewed (Hamza, 2026-10-04)",2026-10-03T20:55Z
L051,NJ-SCRN-01,key_value,no criminal-record inquiry before conditional offer; individualised assessment required,No criminal-history inquiry before conditional offer; limits on what may be considered after,https://pub.njleg.gov/bills/2020/PL21/110_.HTM,no change (wording only),Wording differs; substance equivalent.,Hamza,"accepted in bulk as no-change; not individually reviewed (Hamza, 2026-10-04)",2026-10-03T20:55Z
L052,NJ-SCRN-02,citation,N.J.S.A. 10:5-12(g)(1),N.J.S.A. 10:5-12(g),https://law.justia.com/codes/new-jersey/title-10/section-10-5-12/,no change (independent cite is more specific),Same provision; independent cites the operative section.,Hamza,"accepted in bulk as no-change; not individually reviewed (Hamza, 2026-10-04)",2026-10-03T20:55Z
L053,NJ-SCRN-02,key_value,source of lawful income (incl. vouchers) is a protected category,Unlawful to refuse rental based on lawful source of income incl. vouchers,https://law.justia.com/codes/new-jersey/title-10/section-10-5-12/,no change (wording only),Wording differs; substance equivalent.,Hamza,"accepted in bulk as no-change; not individually reviewed (Hamza, 2026-10-04)",2026-10-03T20:55Z
L054,NJ-ALG-01,citation,"N.J.S.A. 56:9-20 to 56:9-26 (P.L.2026, c.43)","P.L.2026, c.43 (N.J.S.A. 56:9-?)",https://pub.njleg.state.nj.us/Bills/2026/AL26/43_.HTM,adopt independent,"Silver ""56:9-?""; independent N.J.S.A. 56:9-20 to 56:9-26 — from the chapter header of D069 (""C.56:9-20 to 56:9-26""). Adopt independent.",Hamza,adopt independent,2026-10-03T20:45Z
L055,NJ-ALG-01,key_value,ban on use of algorithmic rent-setting coordinators (effective 2027-07-01),Prohibits use/sale of rent-setting algorithms using nonpublic competitor data,https://pub.njleg.state.nj.us/Bills/2026/AL26/43_.HTM,no change (wording only),Wording differs; substance equivalent.,Hamza,"accepted in bulk as no-change; not individually reviewed (Hamza, 2026-10-04)",2026-10-03T20:55Z
L056,HOB-RENT-01,citation,Hoboken Code § 155-5,Hoboken Code ch. 155,https://ecode360.com/15252470,no change (independent cite is more specific),Same provision; independent cites the operative section.,Hamza,"accepted in bulk as no-change; not individually reviewed (Hamza, 2026-10-04)",2026-10-03T20:55Z
L057,HOB-RENT-01,key_value,lesser of 5% or CPI per 12 months,"Annual increase capped at CPI, max 5%",https://ecode360.com/15252470,no change (equivalent),Equivalent (lesser of 5% or CPI).,Hamza,"accepted in bulk as no-change; not individually reviewed (Hamza, 2026-10-04)",2026-10-03T20:55Z
L058,HOB-RENT-01,coverage,(see note),(see note),https://ecode360.com/15252470,adopt independent,"Independent adds § 155-2 exemptions (hotels, post-1987-06-25 new construction, etc.) read from ecode360; silver left coverage to verify.",Hamza,adopt independent,2026-10-03T20:45Z
L059,HOB-ALG-01,effective_date,2025-07,2025-07-09,https://ecode360.com/46833413,Hamza decides,"Silver 2025-07-09 is the adoption date (D034 ""[Adopted 7-9-2025 by Ord. No. B-781]""); independent uses month precision 2025-07 because NJ ordinances take effect after publication (~20 days). Decision for Hamza.",Hamza,2025-07 + adoption_date 2025-07-09,2026-10-03T20:50Z
L060,HOB-ALG-01,citation,"Hoboken Code ch. 158 (Ord. No. B-781, adopted 2025-07-09)","Hoboken Code ch. 158, art. II, § 158-2 (Ord. B-781)",https://ecode360.com/46833413,no change (independent cite is more specific),Same provision; independent cites the operative section.,Hamza,"accepted in bulk as no-change; not individually reviewed (Hamza, 2026-10-04)",2026-10-03T20:55Z
L061,HOB-ALG-01,key_value,ban on algorithmic price fixing using nonpublic competitor information,"Prohibits landlords from using rent algorithms with nonpublic competitor data; fine up to $2,000",https://ecode360.com/46833413,no change (wording only),Wording differs; substance equivalent.,Hamza,"accepted in bulk as no-change; not individually reviewed (Hamza, 2026-10-04)",2026-10-03T20:55Z
L062,JC-ALG-01,citation,Jersey City Code § 218-12 (Ord. 25-057),Jersey City Code § 218-12,https://hudsoncountyview.com/jersey-city-council-approves-realpage-ban-and-increasing-benefits-for-laborers/,no change (independent cite is more specific),Same provision; independent cites the operative section.,Hamza,"accepted in bulk as no-change; not individually reviewed (Hamza, 2026-10-04)",2026-10-03T20:55Z
L063,JC-ALG-01,key_value,ban on landlord use of algorithmic rent-setting with nonpublic competitor data,"Prohibits use of rent-setting algorithms (e.g., RealPage); private right of action",https://hudsoncountyview.com/jersey-city-council-approves-realpage-ban-and-increasing-benefits-for-laborers/,no change (wording only),Wording differs; substance equivalent.,Hamza,"accepted in bulk as no-change; not individually reviewed (Hamza, 2026-10-04)",2026-10-03T20:55Z
L064,JC-RENT-01,citation,Jersey City Code § 260-3,Jersey City Code ch. 260,https://www.jerseycitynj.gov/landlordtenant,adopt independent,Independent § 260-3 (official notice). Adopt.,Hamza,adopt independent,2026-10-03T20:45Z
L065,JC-RENT-01,key_value,lesser of 4% or CPI,"Annual increase capped at CPI, max 4% (verify)",https://www.jerseycitynj.gov/landlordtenant,adopt independent,"Silver ""(verify)""; independent verified the lesser-of-4%-or-CPI formula from the official Jersey City CPI notice quoting § 260-3, and the 1–4 unit exemption from D036. Adopt independent and remove ""(verify)"".",Hamza,adopt independent,2026-10-03T20:45Z
L066,NWK-RENT-01,citation,"Newark Code § 19:2-3.1 (Ord. 6 PSF-A(S), 9-5-2017; amended 9-18-2024 by Ord. No. 6PSF-I)",Newark Code Title 19 (Rent Control),https://ecode360.com/36623772,adopt independent,Independent § 19:2-3.1 (Ord. 6 PSF-A(S) 2017; amended 2024). Adopt.,Hamza,adopt independent,2026-10-03T20:45Z
L067,NWK-RENT-01,key_value,"CPI change, capped at 4% per 12 months","Annual increase capped at CPI, max 4% (verify)",https://ecode360.com/36623772,adopt independent,"Silver ""(verify)""; independent verified ""In no case shall the allowable rent increase exceed 4%"" (CPI 15→3 months) from D070 § 19:2-3.1. Adopt independent.",Hamza,adopt independent,2026-10-03T20:45Z
L068,NWK-ALG-00,citation,none (NJ FAIR Act P.L.2026 c.43 from 2027-07-01),None,https://www.morganlewis.com/pubs/2026/08/algorithmic-rent-pricing-litigation-expands-under-new-state-and-local-laws,no change (independent cite is more specific),Same provision; independent cites the operative section.,Hamza,"accepted in bulk as no-change; not individually reviewed (Hamza, 2026-10-04)",2026-10-03T20:55Z
L069,MA-RENT-00,effective_date,,1994-12-08,https://malegislature.gov/Laws/GeneralLaws/PartI/TitleVII/Chapter40P/Section4,no change (equivalent),"Silver 1994-12-08 (c.40P enactment, unsourced in corpus); independent null (negative finding). Harmless either way; prefer null for negative findings.",Hamza,"accepted in bulk as no-change; not individually reviewed (Hamza, 2026-10-04)",2026-10-03T20:55Z
L070,MA-RENT-P1,negative_finding,False,True,https://www.wbur.org/news/2026/06/23/massachusetts-high-court-rent-control-ballot-question-struck,no change (equivalent),"Silver marks the failed initiative as negative_finding=true; independent records it as a failed measure (status failed, negative_finding=false) and keeps a separate MA-RENT-00 negative finding. Representational; keep both rows.",Hamza,"accepted in bulk as no-change; not individually reviewed (Hamza, 2026-10-04)",2026-10-03T20:55Z
L071,MA-RENT-P1,citation,"Initiative Petition 25-21 (Mass. 2026); Cella v. Attorney General (SJC, decided 2026-06-23)",IP 25-21; SJC decision 2026-06-23,https://www.wbur.org/news/2026/06/23/massachusetts-high-court-rent-control-ballot-question-struck,no change (independent cite is more specific),Same provision; independent cites the operative section.,Hamza,"accepted in bulk as no-change; not individually reviewed (Hamza, 2026-10-04)",2026-10-03T20:55Z
L072,MA-RENT-P1,key_value,,NO RULE; proposed statewide rent cap removed from Nov 2026 ballot by SJC on 2026-06-23,https://www.wbur.org/news/2026/06/23/massachusetts-high-court-rent-control-ballot-question-struck,adopt independent,,Hamza,adopt independent,2026-10-03T20:45Z
L073,MA-JUST-00,citation,"M.G.L. c.186, §§ 11, 12 (notice to quit; no just-cause requirement)","M.G.L. c.186, §§ 11, 12 (notice periods, not just cause)",https://malegislature.gov/Laws/GeneralLaws/PartII/TitleI/Chapter186/Section12,no change (independent cite is more specific),Same provision; independent cites the operative section.,Hamza,"accepted in bulk as no-change; not individually reviewed (Hamza, 2026-10-04)",2026-10-03T20:55Z
L074,MA-DEP-01,key_value,1 month's rent (security deposit),First month's rent,https://malegislature.gov/Laws/GeneralLaws/PartII/TitleI/Chapter186/Section15B,no change (wording only),Wording differs; substance equivalent.,Hamza,"accepted in bulk as no-change; not individually reviewed (Hamza, 2026-10-04)",2026-10-03T20:55Z
L075,MA-FEE-01,key_value,$0 – landlords may not charge application fees,"Only first month's rent, last month's rent, security deposit and lock/key cost may be charged upfront; no application fee",https://malegislature.gov/Laws/GeneralLaws/PartII/TitleI/Chapter186/Section15B,no change (wording only),Wording differs; substance equivalent.,Hamza,"accepted in bulk as no-change; not individually reviewed (Hamza, 2026-10-04)",2026-10-03T20:55Z
L076,MA-SCRN-01,key_value,recipients of public assistance / housing subsidies are protected,Unlawful to discriminate against recipients of public assistance or housing subsidies,https://malegislature.gov/Laws/GeneralLaws/PartI/TitleXXI/Chapter151B/Section4,no change (wording only),Wording differs; substance equivalent.,Hamza,"accepted in bulk as no-change; not individually reviewed (Hamza, 2026-10-04)",2026-10-03T20:55Z
L077,MA-ALG-P1,citation,Mass. S.2983 (194th General Court),MA Senate Bill S.2983 (194th General Court),https://malegislature.gov/Bills/194/S2983,no change (independent cite is more specific),Same provision; independent cites the operative section.,Hamza,"accepted in bulk as no-change; not individually reviewed (Hamza, 2026-10-04)",2026-10-03T20:55Z
L078,MA-ALG-P1,key_value,,Would prohibit algorithmic rent setting statewide,https://malegislature.gov/Bills/194/S2983,no change (wording only),Wording differs; substance equivalent.,Hamza,"accepted in bulk as no-change; not individually reviewed (Hamza, 2026-10-04)",2026-10-03T20:55Z
L079,MA-ALG-P2,citation,Mass. H.5222 (194th General Court),MA House Bill H.5222 (194th General Court),https://malegislature.gov/Bills/194/H5222,no change (independent cite is more specific),Same provision; independent cites the operative section.,Hamza,"accepted in bulk as no-change; not individually reviewed (Hamza, 2026-10-04)",2026-10-03T20:55Z
L080,MA-ALG-P2,key_value,,Would prohibit algorithmic rent fixing in the rental housing market,https://malegislature.gov/Bills/194/H5222,no change (wording only),Wording differs; substance equivalent.,Hamza,"accepted in bulk as no-change; not individually reviewed (Hamza, 2026-10-04)",2026-10-03T20:55Z
L081,BOS-RENT-00,citation,"M.G.L. c.40P, § 4; Mass. H.3744 (193rd) – study order","H.3744 (2023, not enacted); M.G.L. c.40P",https://malegislature.gov/Laws/GeneralLaws/PartI/TitleVII/Chapter40P/Section4,adopt independent,,Hamza,adopt independent,2026-10-03T20:45Z
L082,BOS-JUST-01,effective_date,2020-11-06,2021-01-01,https://www.boston.gov/housing-stability-notification-act,Hamza decides,"Silver 2021-01-01 (unsourced); independent 2020-11-06 from the official FAQ D014 (""The HSNA becomes effective on November 6, 2020""). Adopt independent.",Hamza,adopt independent 2020-11-06,2026-10-03T20:50Z
L083,BOS-JUST-01,citation,"Boston Code of Ordinances ch. 9, § 9-20 (Housing Stability Notification Act)","Boston Code ch. 10, § 10-14 (Housing Stability Notification Act)",https://www.boston.gov/housing-stability-notification-act,adopt independent,"Silver ""Boston Code ch. 10, § 10-14""; independent ""ch. 9, § 9-20"" — BOTH from memory, neither verified. Hamza to check the Boston Code (ordinance of October 2020).",Hamza,adopt independent,2026-10-03T20:45Z
L084,BOS-JUST-01,key_value,notice-of-rights duty on termination (no just-cause requirement),Landlords must give tenants a notice of rights with any notice to quit / non-renewal,https://www.boston.gov/housing-stability-notification-act,no change (wording only),Wording differs; substance equivalent.,Hamza,"accepted in bulk as no-change; not individually reviewed (Hamza, 2026-10-04)",2026-10-03T20:55Z
L085,BOS-SCRN-01,effective_date,2017-02,,https://drive.google.com/file/d/1j4U3fDtmnYuwcUWhx5BMUcXc1bnKT8Ku/view?usp=sharing,Hamza decides,,Hamza,null,2026-10-03T20:50Z
L086,BOS-SCRN-01,citation,"Boston Fair Chance Tenant Selection Policy (DND, February 2017) – policy, not ordinance",Boston Fair Housing Commission regulations,https://drive.google.com/file/d/1j4U3fDtmnYuwcUWhx5BMUcXc1bnKT8Ku/view?usp=sharing,adopt independent,,Hamza,adopt independent,2026-10-03T20:45Z
L087,BOS-SCRN-01,key_value,no blanket criminal-history denials; 5-year look-back (city-funded/IDP housing),Prohibits discrimination incl. based on source of income / housing subsidies,https://drive.google.com/file/d/1j4U3fDtmnYuwcUWhx5BMUcXc1bnKT8Ku/view?usp=sharing,adopt independent,,Hamza,adopt independent,2026-10-03T20:45Z
L088,BOS-SCRN-01,rule_identity,(see note),(see note),https://drive.google.com/file/d/1j4U3fDtmnYuwcUWhx5BMUcXc1bnKT8Ku/view?usp=sharing,Hamza decides,"Different rules in the same cell: silver = Boston Fair Housing Commission regulations (source of income), independent = Boston Fair Chance Tenant Selection Policy (criminal history, DND-funded housing; D010 content). D012 (corpus) is only the Commission landing page and does not state a source-of-income rule. Options: keep independent; add silver's as BOS-SCRN-02 if the Commission regulation text can be sourced.",Hamza,"keep BOS-SCRN-01 as Fair Housing Commission regs; add BOS-SCRN-02 Fair Chance policy (city-funded only, conflict_flag, low confidence)",2026-10-03T20:50Z
L089,CAM-RENT-00,citation,"M.G.L. c.40P, § 4",M.G.L. c.40P,https://malegislature.gov/Laws/GeneralLaws/PartI/TitleVII/Chapter40P/Section4,no change (independent cite is more specific),Same provision; independent cites the operative section.,Hamza,"accepted in bulk as no-change; not individually reviewed (Hamza, 2026-10-04)",2026-10-03T20:55Z
L090,CAM-SCRN-01,citation,Cambridge Mun. Code ch. 14.04,Cambridge Mun. Code ch. 2.76 (Human Rights Ordinance),https://www.cambridgema.gov/departments/humanrightscommission,adopt independent,Silver ch. 2.76 (Human Rights Ordinance); independent ch. 14.04 (Fair Housing Ordinance). D029 says the Commission enforces both and that housing discrimination is covered by the Fair Housing Ordinance ch. 14.04. Adopt independent.,Hamza,adopt independent,2026-10-03T20:45Z
L091,CAM-SCRN-01,key_value,source of income (incl. Section 8) protected locally,Local enforcement of housing discrimination protections incl. source of income,https://www.cambridgema.gov/departments/humanrightscommission,no change (wording only),Wording differs; substance equivalent.,Hamza,"accepted in bulk as no-change; not individually reviewed (Hamza, 2026-10-04)",2026-10-03T20:55Z
L092,BOS-ALG-00,citation,none (MA bills S.2983/H.5222 pending),None,https://malegislature.gov/Bills/194/S2983,no change (independent cite is more specific),Same provision; independent cites the operative section.,Hamza,"accepted in bulk as no-change; not individually reviewed (Hamza, 2026-10-04)",2026-10-03T20:55Z
L093,LA-ALG-00,citation,L.A. City Council motion CF 24-1031 (2024-09-03) – no ordinance,"L.A. Council File 24-1031 (motion, 2024)",https://cityclerk.lacity.org/onlinedocs/2024/24-1031_misc_9-03-24.pdf,no change (independent cite is more specific),Same provision; independent cites the operative section.,Hamza,"accepted in bulk as no-change; not individually reviewed (Hamza, 2026-10-04)",2026-10-03T20:55Z
L094,LA-ALG-00,source,(see note),(see note),https://cityclerk.lacity.org/onlinedocs/2024/24-1031_misc_9-03-24.pdf,adopt independent,Both negative. Independent adds the Aug-2026 Morgan Lewis survey (no LA ordinance listed) and a 2026-10-03 web search; conflict_flag=true because absence is inferred.,Hamza,adopt independent,2026-10-03T20:45Z
L095,(silver HOB-FEE-01),row,absent,"rent_increase_limits in_force Hoboken Code ch. 158, art. I (Ord. B-750)",,Hamza decides,Disclosure duty for >10% increases (Ord. B-750) – independent treats as not a rent cap; see open_questions Q15.,Hamza,"add HOB-RENT-02, conflict_flag true",2026-10-03T20:50Z
L096,(silver MA-FEE-02),row,absent,"application_screening_fees in_force M.G.L. c.112, § 87DDD½",,Hamza decides,"Broker-fee reform (c.112 § 87DDD½, eff. 2025-08-01) – independent folded into MA-FEE-01 notes; a separate row is defensible (category fit debatable: broker fee ≠ application fee).",Hamza,"add MA-FEE-02, eff 2025-08-01",2026-10-03T20:50Z
L097,(silver MA-SCR-02),row,absent,screening_restrictions in_force 803 CMR 5.00,,Hamza decides,803 CMR 5.00 (CORI) – source not captured (403); independent omitted because no text could be quoted; mentioned in MA-SCRN-01 interaction note.,Hamza,"add MA-SCRN-02, null span, quote_verified false, confidence 0.5",2026-10-03T20:50Z
L098,LA-JUST-02,row,just_cause_eviction in_force L.A. Mun. Code § 151.09,absent,https://housing.lacity.gov/residents/rso-overview,keep (independent),RSO legal reasons for eviction and relocation assistance – LAMC § 151.09,Hamza,"accepted in bulk as no-change; not individually reviewed (Hamza, 2026-10-04)",2026-10-03T20:55Z
L099,LA-FEE-00,row,application_screening_fees n/a none (state Civ. Code § 1950.6 governs),absent,https://housing.lacity.gov/residents/rso-overview,keep (negative finding fills the matrix cell),No Los Angeles ordinance caps application screening fees; Cal. Civ. Code § 1950.6 (CA-FEE-01) governs.,Hamza,"accepted in bulk as no-change; not individually reviewed (Hamza, 2026-10-04)",2026-10-03T20:55Z
L100,LA-SCRN-01,row,screening_restrictions in_force L.A. Mun. Code § 45.67,absent,https://codelibrary.amlegal.com/codes/los_angeles/latest/lamc/0-0-0-322208,keep (independent),"Source of income discrimination prohibition – LAMC § 45.67 (Art. 5.6, Ch. IV)",Hamza,"accepted in bulk as no-change; not individually reviewed (Hamza, 2026-10-04)",2026-10-03T20:55Z
L101,SF-DEP-01,row,security_deposits in_force S.F. Admin. Code ch. 49 (§ 49.2),absent,https://www.sf.gov/reports--current-rates-including-rent-increase-relocation-sec-deposit,keep (independent),Interest on security deposits – S.F. Admin. Code ch. 49,Hamza,"accepted in bulk as no-change; not individually reviewed (Hamza, 2026-10-04)",2026-10-03T20:55Z
L102,SF-FEE-00,row,application_screening_fees n/a none (state Civ. Code § 1950.6 governs),absent,https://www.sf.gov/reports--current-rates-including-rent-increase-relocation-sec-deposit,keep (negative finding fills the matrix cell),No San Francisco ordinance caps application screening fees; Cal. Civ. Code § 1950.6 (CA-FEE-01) governs.,Hamza,"accepted in bulk as no-change; not individually reviewed (Hamza, 2026-10-04)",2026-10-03T20:55Z
L103,SD-RENT-00,row,rent_increase_limits n/a none (state Civ. Code § 1947.12 governs),absent,https://docs.sandiego.gov/municode/municodechapter09/ch09art08division07.pdf,keep (negative finding fills the matrix cell),The City of San Diego has no local rent-increase cap; Cal. Civ. Code § 1947.12 (CA-RENT-01) governs San Diego addresses.,Hamza,"accepted in bulk as no-change; not individually reviewed (Hamza, 2026-10-04)",2026-10-03T20:55Z
L104,SD-DEP-00,row,security_deposits n/a none (state Civ. Code § 1950.5 governs),absent,https://docs.sandiego.gov/municode/municodechapter09/ch09art08division07.pdf,keep (negative finding fills the matrix cell),No San Diego ordinance regulates security deposits; Cal. Civ. Code § 1950.5 (CA-DEP-01) governs.,Hamza,"accepted in bulk as no-change; not individually reviewed (Hamza, 2026-10-04)",2026-10-03T20:55Z
L105,SD-FEE-00,row,application_screening_fees n/a none (state Civ. Code § 1950.6 governs),absent,https://docs.sandiego.gov/municode/municodechapter09/ch09art08division07.pdf,keep (negative finding fills the matrix cell),No San Diego ordinance caps application screening fees; Cal. Civ. Code § 1950.6 (CA-FEE-01) governs.,Hamza,"accepted in bulk as no-change; not individually reviewed (Hamza, 2026-10-04)",2026-10-03T20:55Z
L106,BERK-JUST-01,row,just_cause_eviction in_force Berkeley Mun. Code § 13.76.130,absent,https://rentboard.berkeleyca.gov/laws-regulations/measure-bb-changes-berkeleys-rent-ordinance,keep (independent),Rent Stabilization and Eviction for Just Cause Ordinance – BMC § 13.76.130,Hamza,"accepted in bulk as no-change; not individually reviewed (Hamza, 2026-10-04)",2026-10-03T20:55Z
L107,BERK-DEP-01,row,security_deposits in_force Berkeley Mun. Code § 13.76.070,absent,https://rentboard.berkeleyca.gov/rights-responsibilities/security-deposits,keep (independent),Interest on security deposits – Berkeley Rent Ordinance (BMC § 13.76.070),Hamza,"accepted in bulk as no-change; not individually reviewed (Hamza, 2026-10-04)",2026-10-03T20:55Z
L108,BERK-FEE-01,row,"application_screening_fees in_force Berkeley Mun. Code §§ 13.78.010, 13.78.016",absent,https://rentboard.berkeleyca.gov/laws-regulations/city-berkeley-ordinances-affecting-rental-properties/tenant-screening-and,keep (independent),Tenant screening fee disclosure and renewal-fee ban – BMC ch. 13.78,Hamza,"accepted in bulk as no-change; not individually reviewed (Hamza, 2026-10-04)",2026-10-03T20:55Z
L109,SA-DEP-00,row,security_deposits n/a none (state Civ. Code § 1950.5 governs),absent,https://santa-ana.gov/departments/rent-stabilization,keep (negative finding fills the matrix cell),No Santa Ana ordinance regulates security deposits; Cal. Civ. Code § 1950.5 governs.,Hamza,"accepted in bulk as no-change; not individually reviewed (Hamza, 2026-10-04)",2026-10-03T20:55Z
L110,SA-FEE-00,row,application_screening_fees n/a none (state Civ. Code § 1950.6 governs),absent,https://santa-ana.gov/departments/rent-stabilization,keep (negative finding fills the matrix cell),No Santa Ana ordinance caps application screening fees; Cal. Civ. Code § 1950.6 governs.,Hamza,"accepted in bulk as no-change; not individually reviewed (Hamza, 2026-10-04)",2026-10-03T20:55Z
L111,SA-SCRN-00,row,screening_restrictions n/a none (state Gov. Code § 12955 governs),absent,https://santa-ana.gov/departments/rent-stabilization,keep (negative finding fills the matrix cell),No Santa Ana screening-restriction ordinance identified; Cal. Gov. Code § 12955 (CA-SCRN-01) governs.,Hamza,"accepted in bulk as no-change; not individually reviewed (Hamza, 2026-10-04)",2026-10-03T20:55Z
L112,JC-JUST-00,row,just_cause_eviction n/a none (N.J.S.A. 2A:18-61.1 governs),absent,https://www.jerseycitynj.gov/landlordtenant,keep (negative finding fills the matrix cell),Jersey City has no local just-cause ordinance; the state Anti-Eviction Act (NJ-JUST-01) governs.,Hamza,"accepted in bulk as no-change; not individually reviewed (Hamza, 2026-10-04)",2026-10-03T20:55Z
L113,JC-DEP-00,row,security_deposits n/a none (N.J.S.A. 46:8-21.2 governs),absent,https://www.jerseycitynj.gov/landlordtenant,keep (negative finding fills the matrix cell),No Jersey City deposit ordinance; N.J.S.A. 46:8-21.2 (NJ-DEP-01) governs.,Hamza,"accepted in bulk as no-change; not individually reviewed (Hamza, 2026-10-04)",2026-10-03T20:55Z
L114,JC-FEE-00,row,application_screening_fees n/a none (N.J.S.A. 46:8-18.1 governs),absent,https://www.jerseycitynj.gov/landlordtenant,keep (negative finding fills the matrix cell),No Jersey City application-fee ordinance; N.J.S.A. 46:8-18.1 (NJ-FEE-01) governs.,Hamza,"accepted in bulk as no-change; not individually reviewed (Hamza, 2026-10-04)",2026-10-03T20:55Z
L115,JC-SCRN-00,row,screening_restrictions n/a none (N.J.S.A. 46:8-52 et seq.; 10:5-12 govern),absent,https://www.jerseycitynj.gov/landlordtenant,keep (negative finding fills the matrix cell),No Jersey City screening-restriction ordinance identified; the NJ Fair Chance in Housing Act and LAD (NJ-SCRN-01/02) govern.,Hamza,"accepted in bulk as no-change; not individually reviewed (Hamza, 2026-10-04)",2026-10-03T20:55Z
L116,HOB-JUST-00,row,just_cause_eviction n/a none (N.J.S.A. 2A:18-61.1 governs),absent,https://ecode360.com/15252438,keep (negative finding fills the matrix cell),Hoboken has no local just-cause ordinance; the state Anti-Eviction Act (NJ-JUST-01) governs.,Hamza,"accepted in bulk as no-change; not individually reviewed (Hamza, 2026-10-04)",2026-10-03T20:55Z
L117,HOB-DEP-00,row,security_deposits n/a none (N.J.S.A. 46:8-21.2 governs),absent,https://ecode360.com/15252438,keep (negative finding fills the matrix cell),No Hoboken deposit ordinance; N.J.S.A. 46:8-21.2 (NJ-DEP-01) governs.,Hamza,"accepted in bulk as no-change; not individually reviewed (Hamza, 2026-10-04)",2026-10-03T20:55Z
L118,HOB-FEE-00,row,application_screening_fees n/a none (N.J.S.A. 46:8-18.1 governs),absent,https://ecode360.com/15252438,keep (negative finding fills the matrix cell),No Hoboken application-fee ordinance; N.J.S.A. 46:8-18.1 (NJ-FEE-01) governs.,Hamza,"accepted in bulk as no-change; not individually reviewed (Hamza, 2026-10-04)",2026-10-03T20:55Z
L119,HOB-SCRN-00,row,screening_restrictions n/a none (N.J.S.A. 46:8-52 et seq.; 10:5-12 govern),absent,https://ecode360.com/15252438,keep (negative finding fills the matrix cell),No Hoboken screening-restriction ordinance identified; NJ Fair Chance in Housing Act and LAD govern.,Hamza,"accepted in bulk as no-change; not individually reviewed (Hamza, 2026-10-04)",2026-10-03T20:55Z
L120,NWK-JUST-00,row,just_cause_eviction n/a none (N.J.S.A. 2A:18-61.1 governs),absent,https://ecode360.com/36623772,keep (negative finding fills the matrix cell),Newark has no local just-cause ordinance; the state Anti-Eviction Act (NJ-JUST-01) governs.,Hamza,"accepted in bulk as no-change; not individually reviewed (Hamza, 2026-10-04)",2026-10-03T20:55Z
L121,NWK-DEP-00,row,security_deposits n/a none (N.J.S.A. 46:8-21.2 governs),absent,https://ecode360.com/36623772,keep (negative finding fills the matrix cell),No Newark deposit ordinance; N.J.S.A. 46:8-21.2 (NJ-DEP-01) governs.,Hamza,"accepted in bulk as no-change; not individually reviewed (Hamza, 2026-10-04)",2026-10-03T20:55Z
L122,NWK-FEE-00,row,application_screening_fees n/a none (N.J.S.A. 46:8-18.1 governs),absent,https://ecode360.com/36623772,keep (negative finding fills the matrix cell),No Newark application-fee ordinance; N.J.S.A. 46:8-18.1 (NJ-FEE-01) governs.,Hamza,"accepted in bulk as no-change; not individually reviewed (Hamza, 2026-10-04)",2026-10-03T20:55Z
L123,NWK-SCRN-01,row,"screening_restrictions in_force Newark Code § 2:31-2 (Ord. 6 PSF-B, 4-15-2015)",absent,https://ecode360.com/36642000,keep (independent),"Ban the Box – housing (criminal record check practices) – Newark Code Title II, ch. 2:31, art. 1",Hamza,"accepted in bulk as no-change; not individually reviewed (Hamza, 2026-10-04)",2026-10-03T20:55Z
L124,BOS-RENT-P1,row,rent_increase_limits failed Mass. H.3744 (193rd General Court) – study order H.5035 (2024-09-09),absent,https://malegislature.gov/Bills/193/H3744,keep (independent),H.3744 – Boston home-rule petition for rent stabilization and eviction protections (died in study),Hamza,"accepted in bulk as no-change; not individually reviewed (Hamza, 2026-10-04)",2026-10-03T20:55Z
L125,BOS-DEP-00,row,security_deposits n/a none (M.G.L. c.186 § 15B governs),absent,https://www.boston.gov/housing-stability-notification-act,keep (negative finding fills the matrix cell),"No Boston deposit ordinance; M.G.L. c.186, § 15B (MA-DEP-01) governs.",Hamza,"accepted in bulk as no-change; not individually reviewed (Hamza, 2026-10-04)",2026-10-03T20:55Z
L126,BOS-FEE-00,row,application_screening_fees n/a none (M.G.L. c.186 § 15B governs),absent,https://www.boston.gov/housing-stability-notification-act,keep (negative finding fills the matrix cell),"No Boston application-fee ordinance; M.G.L. c.186, § 15B (MA-FEE-01) governs.",Hamza,"accepted in bulk as no-change; not individually reviewed (Hamza, 2026-10-04)",2026-10-03T20:55Z
L127,CAM-JUST-01,row,just_cause_eviction in_force Cambridge Mun. Code ch. 8.71,absent,https://www.cambridgema.gov/tenantrights,keep (independent),Tenants' Rights and Resources Notification Ordinance – Cambridge Mun. Code ch. 8.71,Hamza,"accepted in bulk as no-change; not individually reviewed (Hamza, 2026-10-04)",2026-10-03T20:55Z
L128,CAM-DEP-00,row,security_deposits n/a none (M.G.L. c.186 § 15B governs),absent,https://www.cambridgema.gov/tenantrights,keep (negative finding fills the matrix cell),"No Cambridge deposit ordinance; M.G.L. c.186, § 15B (MA-DEP-01) governs.",Hamza,"accepted in bulk as no-change; not individually reviewed (Hamza, 2026-10-04)",2026-10-03T20:55Z
L129,CAM-FEE-00,row,application_screening_fees n/a none (M.G.L. c.186 § 15B governs),absent,https://www.cambridgema.gov/tenantrights,keep (negative finding fills the matrix cell),"No Cambridge application-fee ordinance; M.G.L. c.186, § 15B (MA-FEE-01) governs.",Hamza,"accepted in bulk as no-change; not individually reviewed (Hamza, 2026-10-04)",2026-10-03T20:55Z
L130,CAM-ALG-00,row,algorithmic_rent_setting n/a none (policy order June 2026; MA bills pending),absent,https://www.cambridgeday.com/?p=158097,keep (negative finding fills the matrix cell),Cambridge has no algorithmic rent-setting ordinance; on 2026-06-22 the City Council passed only a policy order asking the City Manager to draft options. The pending state bills (MA-ALG-P1/P2) are the only measures.,Hamza,"accepted in bulk as no-change; not individually reviewed (Hamza, 2026-10-04)",2026-10-03T20:55Z
L131,BOS-SCRN-02,citation,"Boston Fair Chance Tenant Selection Policy (Department of Neighborhood Development, February 2017)","previous: Boston Fair Chance Tenant Selection Policy (DND, February 2017) – policy, not ordinance",S-MAN-01,apply,instructions/lawyer_review_01.md,Hamza,applied per lawyer_review (2026-10-04),2026-10-03T22:45Z
L132,BOS-SCRN-02,coverage,"Housing providers receiving DND funding and/or land, or with income-restricted units created under the BPDA Inclusionary Development Policy; per Boston Bar Journal (Aug 2023) applies to all units in such a development incl. market-rate. Funding status not in the address data → Module B result unknow",previous: DND-funded only (brief),S-MAN-02,apply,instructions/lawyer_review_01.md,Hamza,applied per lawyer_review (2026-10-04),2026-10-03T22:45Z
L133,BOS-SCRN-02,key_value,"No blanket denial for arrests/convictions; may not consider arrests without conviction, sealed/expunged/relieved convictions, juvenile records, or convictions more than 5 years old (case-by-case review required)",previous: no blanket criminal-history denials; 5-year look-back (city-funded/IDP housing),S-MAN-01,apply,instructions/lawyer_review_01.md,Hamza,applied per lawyer_review (2026-10-04),2026-10-03T22:45Z
L134,BOS-SCRN-02,quoted_span,"Housing providers receiving Department of Neighborhood Development (DND) funding and/or
land, or that have income restricted units created under the Boston Planning and Development
Agency (BPDA) Inclusionary Development Policy will not impose a blanket policy that denies
housing to anyone with arres","previous: Housing providers receiving Department of Neighborhood Development (DND) funding and/or 
land, or that have income restricted units created under the Boston Planning and Development 
Agency (BPDA) Inc",S-MAN-01,apply,instructions/lawyer_review_01.md [span from sources/manual/BOS-SCRN-02_boston_fair_chance_policy_2017.txt],Hamza,applied per lawyer_review (2026-10-04),2026-10-03T22:45Z
L135,BOS-SCRN-02,effective_date,None,previous: 2017-02,S-MAN-01,apply,instructions/lawyer_review_01.md,Hamza,applied per lawyer_review (2026-10-04),2026-10-03T22:45Z
L136,BOS-SCRN-02,confidence,0.7,previous: 0.5,S-MAN-01,apply,instructions/lawyer_review_01.md,Hamza,applied per lawyer_review (2026-10-04),2026-10-03T22:45Z
L137,MA-SCRN-02,citation,"803 CMR 5.00 (CORI – Housing), esp. 5.04, 5.10; M.G.L. c.6, § 172(a)(3)",previous: 803 CMR 5.00,S-MAN-03,apply,instructions/lawyer_review_01.md,Hamza,applied per lawyer_review (2026-10-04),2026-10-03T22:45Z
L138,MA-SCRN-02,key_value,CORI may be requested only as the final step of the application; before asking about criminal history or making an adverse decision the landlord must give the applicant a copy of the CORI and disclose its source; look-back limited to felonies 10 years / misdemeanours 5 years after disposition (c.6 §,previous: regulated access to and use of CORI by housing providers,S-MAN-03,apply,instructions/lawyer_review_01.md,Hamza,applied per lawyer_review (2026-10-04),2026-10-03T22:45Z
L139,MA-SCRN-02,quoted_span,"Each landlord, property management company, real estate agent, or public housing authority
           shall provide a copy of a housing applicant's CORI or other criminal history information, and
           shall disclose the source of the information, to him or her:
               (a) before asking",previous: None,S-MAN-03,apply,instructions/lawyer_review_01.md [span from sources/manual/MA-SCRN-02_803_CMR_5.txt],Hamza,applied per lawyer_review (2026-10-04),2026-10-03T22:45Z
L140,MA-SCRN-02,confidence,0.8,previous: 0.5,S-MAN-03,apply,instructions/lawyer_review_01.md,Hamza,applied per lawyer_review (2026-10-04),2026-10-03T22:45Z
L141,SA-ALG-01,citation,"Santa Ana Ordinance No. NS-3090 (uncodified; number per challenge brief and OCBJ, not yet seen on an official page)",previous: Santa Ana Ordinance No. NS-3090 (code section not verified),D088,apply,instructions/lawyer_review_02.md + lawyer_review_04 addendum,Hamza,applied per lawyer_review (2026-10-04),2026-10-03T22:45Z
L142,SA-ALG-01,key_value,"Ban on sale, licensing, provision and use of algorithmic rent-setting software that uses nonpublic competitor data; tenant civil action, up to $1,000 per violation plus attorney's fees",previous: ban on sale/use of algorithmic rent-setting software,D088,apply,instructions/lawyer_review_02.md + lawyer_review_04 addendum,Hamza,applied per lawyer_review (2026-10-04),2026-10-03T22:45Z
L143,SA-ALG-01,exemptions,"Software relying solely on publicly available data, aggregate historical data, or tools used to comply with affordable-housing programme requirements",previous: Software relying only on public data,D088,apply,instructions/lawyer_review_02.md + lawyer_review_04 addendum,Hamza,applied per lawyer_review (2026-10-04),2026-10-03T22:45Z
L144,SA-ALG-01,quoted_span,"The ordinance, which was approved on March 3, 2026 for a second reading and final vote, prohibits the sale, licensing, provision and use of certain algorithmic rent-setting software for residential rental properties.",previous: None,D088,apply,instructions/lawyer_review_02.md + lawyer_review_04 addendum [span from D088 (santa-ana.gov news)],Hamza,applied per lawyer_review (2026-10-04),2026-10-03T22:45Z
L145,SA-ALG-01,effective_date,2026-04,previous: None,D088,apply,instructions/lawyer_review_02.md + lawyer_review_04 addendum (addendum),Hamza,applied per lawyer_review (2026-10-04),2026-10-03T22:45Z
L146,SA-ALG-01,confidence,0.7,previous: 0.5,D088,apply,instructions/lawyer_review_02.md + lawyer_review_04 addendum,Hamza,applied per lawyer_review (2026-10-04),2026-10-03T22:45Z
L147,BERK-FEE-01,citation,"Berkeley Mun. Code §§ 13.78.010 (fee-cap disclosure duty), 13.78.016 (ban on non-refundable renewal/roommate fees) (Ord. 7697-NS § 1, 2020)","previous: Berkeley Mun. Code §§ 13.78.010, 13.78.016",D091,apply,instructions/lawyer_review_02.md,Hamza,applied per lawyer_review (2026-10-04),2026-10-03T22:45Z
L148,BERK-FEE-01,key_value,No separate local fee cap: landlord must give a written Tenant Screening Fee Rights Statement and disclose the current Cal. Civ. Code § 1950.6(b) cap; non-refundable fees to existing tenants for renewal or adding/replacing a roommate are unlawful,previous: disclosure of state fee cap required; no non-refundable renewal/roommate fees,D091,apply,instructions/lawyer_review_02.md,Hamza,applied per lawyer_review (2026-10-04),2026-10-03T22:45Z
L149,BERK-FEE-01,quoted_span,"It is unlawful for an owner of residential rental property or the owner's agent to charge a non-refundable fee to any existing tenant for the purpose of renewing a tenancy, in whole or in part, including any fee associated with the departure of a roommate or to request to add or replace a roommate i","previous: cannot charge a non-refundable fee to any existing tenant for the purpose of renewing a tenancy, in whole or in part, including any fee associated with the departure of a roommate or to request to add",D091,apply,"instructions/lawyer_review_02.md [span from D091 (berkeley.municipal.codes § 13.78.016, verbatim section excerpt)]",Hamza,applied per lawyer_review (2026-10-04),2026-10-03T22:45Z
L150,BERK-FEE-01,effective_date,2020,previous: None,D091,apply,instructions/lawyer_review_02.md,Hamza,applied per lawyer_review (2026-10-04),2026-10-03T22:45Z
L151,BERK-FEE-01,confidence,0.85,previous: 0.6,D091,apply,instructions/lawyer_review_02.md,Hamza,applied per lawyer_review (2026-10-04),2026-10-03T22:45Z
L152,BOS-JUST-01,citation,"Boston Code of Ordinances ch. X, § 10-11 (Housing Stability Notification Act), Ord. 2020 (Docket filed 2020-10-21)","previous: Boston Code of Ordinances ch. 9, § 9-20 (Housing Stability Notification Act)",D090,apply,instructions/lawyer_review_02.md (corrects ch. 9 § 9-20),Hamza,applied per lawyer_review (2026-10-04),2026-10-03T22:45Z
L153,BOS-JUST-01,key_value,"[notice-only] With any notice to quit or notice of lease non-renewal, landlord must serve a copy on the Office of Housing Stability and give the tenant a notice of basic housing rights and resources; no just-cause requirement",previous: notice-of-rights duty on termination (no just-cause requirement),D090,apply,instructions/lawyer_review_02.md,Hamza,applied per lawyer_review (2026-10-04),2026-10-03T22:45Z
L154,BOS-JUST-01,quoted_span,"When a landlord or foreclosing owner serves the tenant or former homeowners any
notice to quit or notice of lease nonrenewal or expiration, such landlord or foreclosing
owner shall, at the same time, also serve a copy of said notice to quit or notice of
lease nonrenewal or expiration on the City of ",previous: The Housing Stability Notification Act requires any landlord to provide renters with a Notice of Tenant’s Rights and Resources when planning to end a tenancy agreement.,D090,apply,"instructions/lawyer_review_02.md [span from D090 (official ordinance PDF, § 10-11.4)]",Hamza,applied per lawyer_review (2026-10-04),2026-10-03T22:45Z
L155,BOS-JUST-01,confidence,0.8,previous: 0.6,D090,apply,instructions/lawyer_review_02.md,Hamza,applied per lawyer_review (2026-10-04),2026-10-03T22:45Z
L156,JC-ALG-01,citation,"Jersey City Code § 218-12 (Preventing Algorithmic Rent Fixing in the Rental Housing Market), added by Ord. 25-057",previous: Jersey City Code § 218-12 (Ord. 25-057),S-MAN-05,apply,instructions/lawyer_review_03.md,Hamza,applied per lawyer_review (2026-10-04),2026-10-03T22:45Z
L157,JC-ALG-01,title,Ban on contracting with algorithmic rent-coordination service providers,previous: Ban on algorithmic rent-setting using nonpublic competitor data – Jersey City Code § 218-12 (Ord. 25-057),S-MAN-05,apply,instructions/lawyer_review_03.md,Hamza,applied per lawyer_review (2026-10-04),2026-10-03T22:45Z
L158,JC-ALG-01,key_value,"Unlawful for any real estate lessor (or agent/subcontractor) to subscribe to, contract with, or exchange anything of value for the services of a service provider that coordinates using nonpublic competitor information; service providers may not facilitate non-compete agreements among lessors. First ",previous: ban on landlord use of algorithmic rent-setting with nonpublic competitor data,S-MAN-05,apply,instructions/lawyer_review_03.md,Hamza,applied per lawyer_review (2026-10-04),2026-10-03T22:45Z
L159,JC-ALG-01,exemptions,Owners of multiple properties acting only across their own properties; licensed real-estate agents acting within state regulations,previous: Pricing across multiple properties under a single owner; licensed real estate agents,S-MAN-05,apply,instructions/lawyer_review_03.md,Hamza,applied per lawyer_review (2026-10-04),2026-10-03T22:45Z
L160,JC-ALG-01,quoted_span,"It is unlawful for any real estate lessor, agent, or subcontractor thereof, to subscribe to, contract with, or otherwise
exchange anything of value in return for the services of a Service Provider.",previous: None,S-MAN-05,apply,instructions/lawyer_review_03.md [span from sources/manual/JC-ALG-01_Ord_25-057_adopted.txt (§ 218-12(2)(a))],Hamza,applied per lawyer_review (2026-10-04),2026-10-03T22:45Z
L161,JC-ALG-01,confidence,0.9,previous: 0.6,S-MAN-05,apply,instructions/lawyer_review_03.md,Hamza,applied per lawyer_review (2026-10-04),2026-10-03T22:45Z
L162,HOB-ALG-01,citation,"Hoboken Code § 158-2 (Art. II, adopted 7-9-2025 by Ord. No. B-781)","previous: Hoboken Code ch. 158 (Ord. No. B-781, adopted 2025-07-09)",S-MAN-07,apply,instructions/lawyer_review_03.md,Hamza,applied per lawyer_review (2026-10-04),2026-10-03T22:45Z
L163,HOB-ALG-01,key_value,"Landlords of residential dwelling units in Hoboken prohibited from price fixing using algorithmic pricing (software/algorithms/data-sharing platforms using nonpublic competitor information to coordinate, recommend or implement rents, lease terms or occupancy); enforcement by Division of Housing or a",previous: ban on algorithmic price fixing using nonpublic competitor information,S-MAN-07,apply,instructions/lawyer_review_03.md,Hamza,applied per lawyer_review (2026-10-04),2026-10-03T22:45Z
L164,HOB-ALG-01,confidence,0.9,previous: 0.75,S-MAN-07,apply,instructions/lawyer_review_03.md,Hamza,applied per lawyer_review (2026-10-04),2026-10-03T22:45Z
L165,HOB-RENT-02,citation,"Hoboken Code § 158-1 (Art. I, adopted 4-2-2025 by Ord. No. B-750)","previous: Hoboken Code ch. 158, art. I (Ord. No. B-750, adopted 2025-04-02)",S-MAN-07,apply,instructions/lawyer_review_03.md,Hamza,applied per lawyer_review (2026-10-04),2026-10-03T22:45Z
L166,HOB-RENT-02,key_value,"For renewal rent increases over 10% year over year, landlord must disclose: itemised costs; whether a rent algorithm was used; tenant's right to sue if the increase is unconscionable; Division of Housing contact details. Fine up to $1,000 per incident.",previous: disclosures required for renewal increases > 10% (not a cap),S-MAN-07,apply,instructions/lawyer_review_03.md,Hamza,applied per lawyer_review (2026-10-04),2026-10-03T22:45Z
L167,HOB-RENT-02,confidence,0.9,previous: 0.7,S-MAN-07,apply,instructions/lawyer_review_03.md,Hamza,applied per lawyer_review (2026-10-04),2026-10-03T22:45Z
L168,CA-ALG-01,citation,"Cal. Bus. & Prof. Code § 16729 (added by Stats. 2025, ch. 338, § 1 (AB 325))","previous: Cal. Bus. & Prof. Code § 16729 (added by AB 325, Stats. 2025 ch. 338)",D093,apply,instructions/lawyer_review_03.md,Hamza,applied per lawyer_review (2026-10-04),2026-10-03T22:45Z
L169,CA-ALG-01,key_value,"Unlawful to use or distribute a common pricing algorithm (a) as part of a contract, combination or conspiracy in restraint of trade, or (b) to coerce another person to adopt its recommended price or commercial term; 'common pricing algorithm' = methodology used by two or more persons that uses compe",previous: prohibition on use/distribution of common pricing algorithms in restraint of trade,D093,apply,instructions/lawyer_review_03.md,Hamza,applied per lawyer_review (2026-10-04),2026-10-03T22:45Z
L170,CA-ALG-01,confidence,0.95,previous: 0.85,D093,apply,instructions/lawyer_review_03.md,Hamza,applied per lawyer_review (2026-10-04),2026-10-03T22:45Z
L171,MA-RENT-P1,citation,"Cella v. Attorney General, SJC-13893 (Mass. June 23, 2026) (Initiative Petition 25-21, 'An Initiative Petition to Protect Tenants by Limiting Rent Increases')","previous: Initiative Petition 25-21 (Mass. 2026); Cella v. Attorney General (SJC, decided 2026-06-23)",S-MAN-09,apply,instructions/lawyer_review_04.md,Hamza,applied per lawyer_review (2026-10-04),2026-10-03T22:45Z
L172,MA-RENT-P1,key_value,NO RULE: petition barred from the November 2026 ballot (art. 48 excluded matter — relates to religion); no statewide rent cap exists; M.G.L. c.40P continues to prohibit rent control,previous: None,S-MAN-09,apply,instructions/lawyer_review_04.md,Hamza,applied per lawyer_review (2026-10-04),2026-10-03T22:45Z
L173,MA-RENT-P1,quoted_span,"Accordingly, art. 48 bars placement of the

petition on the November 2026 Statewide election ballot.","previous: The state’s Supreme Judicial Court ruled a ballot question seeking to bring rent control back to Massachusetts cannot go forward this November, because it includes a religious exemption.",S-MAN-09,apply,instructions/lawyer_review_04.md [span from sources/manual/MA-RENT-P1_Cella_v_AG_SJC-13893.txt (slip op. p. 2)],Hamza,applied per lawyer_review (2026-10-04),2026-10-03T22:45Z
L174,MA-RENT-P1,confidence,0.95,previous: 0.7,S-MAN-09,apply,instructions/lawyer_review_04.md,Hamza,applied per lawyer_review (2026-10-04),2026-10-03T22:45Z
L175,MA-RENT-00,notes,added Cella v. AG supporting quote,previous: —,S-MAN-09,apply,instructions/lawyer_review_04.md,Hamza,applied per lawyer_review (2026-10-04),2026-10-03T22:45Z
L176,MA-FEE-02,confidence,0.9,previous: 0.85,S-MAN-10,apply,instructions/lawyer_review_04.md,Hamza,applied per lawyer_review (2026-10-04),2026-10-03T22:45Z
L177,BERK-RENT-01,key_value,"AGA for 2026 is 1.0% (65% of Bay Area CPI July–June, capped at 5% under Measure BB); applies to units fully covered by the Rent Ordinance; no increase in the year the tenancy began plus one further calendar year",previous: 1.0% for 2026 (65% of CPI; 5% cap),S-MAN-11,apply,instructions/lawyer_review_04.md,Hamza,applied per lawyer_review (2026-10-04),2026-10-03T22:45Z
L178,BERK-RENT-01,quoted_span,"On
January 1, the rent ceilings for most units fully covered by the Rent Ordinance increase by the
AGA, which allows landlords to raise rents (with proper notice) up to the new rent ceiling.","previous: adopted the Annual General Adjustment (AGA) Order for Year 2026 which will allow 
eligible landlords to increase the 2025 permanent rent ceilings by 1.0% no earlier than 
January 1, 2026.",S-MAN-11,apply,instructions/lawyer_review_04.md [span from sources/manual/BERK-RENT-01_AGA_page.txt (official Rent Board page)],Hamza,applied per lawyer_review (2026-10-04),2026-10-03T22:45Z
L179,BERK-RENT-01,effective_date,2026-01-01,previous: None,S-MAN-11,apply,"instructions/lawyer_review_04.md (current key-value date, same treatment as SF-RENT-01)",Hamza,applied per lawyer_review (2026-10-04),2026-10-03T22:45Z
L180,BERK-RENT-01,confidence,0.9,previous: 0.85,S-MAN-11,apply,instructions/lawyer_review_04.md,Hamza,applied per lawyer_review (2026-10-04),2026-10-03T22:45Z
L181,CA-SCRN-01,key_value,"'Source of income' includes federal, state or local housing subsidies incl. Section 8 vouchers; discrimination based on source of income is unlawful",previous: source of income (incl. Section 8 vouchers) is a protected characteristic,D027,apply,instructions/lawyer_review_04.md,Hamza,applied per lawyer_review (2026-10-04),2026-10-03T22:45Z
L182,CA-SCRN-01,quoted_span,"For the purposes of this section, “source of income” means lawful, verifiable income paid directly to a tenant, or to a representative of a tenant, or paid to a housing owner or landlord on behalf of a tenant, including federal, state, or local public assistance, and federal, state, or local housing","previous: federal, state, or local housing subsidies, including, but not limited to, federal housing assistance vouchers issued under Section 8 of the United States Housing Act of 1937 (42 U.S.C. Sec. 1437f)",D027,apply,instructions/lawyer_review_04.md [span from D027 § 12955(p)(1)],Hamza,applied per lawyer_review (2026-10-04),2026-10-03T22:45Z
L183,CA-SCRN-01,confidence,0.85,previous: 0.8,D027,apply,instructions/lawyer_review_04.md,Hamza,applied per lawyer_review (2026-10-04),2026-10-03T22:45Z
L184,NJ-ALG-01,sources,added NJ State Policy Lab secondary,previous: —,S-MAN-13,apply,instructions/lawyer_review_04.md,Hamza,applied per lawyer_review (2026-10-04),2026-10-03T22:45Z
L185,LA-JUST-02,citation,L.A. Mun. Code § 151.09 (Evictions),previous: L.A. Mun. Code § 151.09,S-MAN-14,apply,instructions/lawyer_review_04.md,Hamza,applied per lawyer_review (2026-10-04),2026-10-03T22:45Z
L186,LA-JUST-02,key_value,"Landlord may not evict from an RSO unit except on the legal grounds listed in § 151.09.A (e.g. non-payment, lease violation, nuisance, owner/family occupancy, demolition/withdrawal); relocation assistance due for no-fault evictions (§ 151.09.G)",previous: RSO just-cause grounds + relocation assistance,S-MAN-14,apply,instructions/lawyer_review_04.md,Hamza,applied per lawyer_review (2026-10-04),2026-10-03T22:45Z
L187,LA-JUST-02,quoted_span,"A landlord may bring an action to recover possession of a rental unit
only upon one of the following grounds:","previous: three (3) business days of service on the tenant
per Los Angeles Municipal Code 151.09.C.9 & 165.05.B.5.",S-MAN-14,apply,instructions/lawyer_review_04.md [span from sources/manual/LA-JUST-02_LAMC_ch15_art1_151.txt (§ 151.09.A lead-in)],Hamza,applied per lawyer_review (2026-10-04),2026-10-03T22:45Z
L188,LA-JUST-02,confidence,0.85,previous: 0.75,S-MAN-14,apply,instructions/lawyer_review_04.md,Hamza,applied per lawyer_review (2026-10-04),2026-10-03T22:45Z
L189,LA-RENT-01,quoted_span,"Housing accommodations, located in a structure for which the first
Certificate of Occupancy was issued after October 1, 1978, are exempt from the
provisions of this chapter. If the structure was issued a Certificate of
Occupancy, including a Temporary Certificate of Occupancy, on or before October
1","previous: Generally, the RSO applies to rental properties that were first built on or before October 1, 1978, as well as replacement units under",S-MAN-14,apply,"instructions/lawyer_review_04.md (LA-RENT-01 coverage span tightened from official LAMC § 151.02 ""Rental Units"" ¶6; AI-draft) [span from sources/manual/LA-JUST-02_LAMC_ch15_art1_151.txt (§ 151.02 Rental Units ¶6)]",AI-draft,official LAMC span recorded in notes only; corpus span kept as quoted_span (citation-point reasoning); AI-draft,2026-10-03T22:45Z
L190,LA-DEP-01,citation,"L.A. Mun. Code § 151.06.02 (Payment of Interest on Security Deposits; added by Ord. No. 166,368, eff. 1990-12-06)",previous: L.A. Mun. Code § 151.06.02,S-MAN-14,apply,LAMC official text (manual capture); AI-draft tightening,Hamza,applied per lawyer_review (2026-10-04),2026-10-03T22:45Z
L191,LA-DEP-01,quoted_span,"A landlord who is subject
to the provisions of Section 1950.5 of the California Civil Code shall pay
annually interest on all security deposits held for at",previous: Interest Payments on Security Deposits,S-MAN-14,apply,LAMC § 151.06.02.B official text; AI-draft tightening [span from sources/manual/LA-JUST-02_LAMC_ch15_art1_151.txt (§ 151.06.02.B)],AI-draft,official LAMC span recorded in notes only; corpus span kept as quoted_span (citation-point reasoning); AI-draft,2026-10-03T22:45Z
L192,LA-DEP-01,confidence,0.8,previous: 0.7,S-MAN-14,apply,official code text now in hand,Hamza,applied per lawyer_review (2026-10-04),2026-10-03T22:45Z
L193,SD-SCRN-01,quoted_span,"It is unlawful for any person to do any of the following acts, wholly or in 
part, based on a person’s source of income",previous: None,D075,apply,"D075 re-captured from the official SDMC Division 8 PDF (docs.sandiego.gov) by the team on 2026-10-03 21:16 UTC; span added per Hamza's standing instruction (2026-10-04 01:52); AI-draft [span from D075 (official SDMC ch. 9 art. 8 div. 8 PDF, § 98.0803(a))]",Hamza,applied per lawyer_review (2026-10-04),2026-10-03T22:45Z
L194,HOB-RENT-01,citation,Hoboken Code § 155-5; applicability § 155-2,previous: Hoboken Code § 155-5,S-MAN-15,apply,instructions/rulings_05.md §4a,Hamza,"applied per rulings_05 §4a (Hamza, 2026-10-04)",2026-10-04T00:30Z
L195,HOB-RENT-01,key_value,"lesser of 5% or CPI change, once per 12 months",previous: lesser of 5% or CPI per 12 months,S-MAN-15,apply,instructions/rulings_05.md §4a,Hamza,"applied per rulings_05 §4a (Hamza, 2026-10-04)",2026-10-04T00:30Z
L196,HOB-RENT-01,quoted_span,"At the expiration of a lease or at the termination of a lease of a periodic tenant, no landlord
     may request or receive a percentage increase in rent which is greater than 5% or the percentage
     difference between the consumer price index three months prior to the expiration or termination
  ",previous: no landlord may request or receive a percentage increase in rent which is greater than 5% or the percentage difference between the consumer price index three months prior to the expiration or terminat,S-MAN-15,apply,"instructions/rulings_05.md §4a [span from sources/manual/HOB-RENT-01_Hoboken_ch155_ecode360.txt (§ 155-5, full chapter)]",Hamza,"applied per rulings_05 §4a (Hamza, 2026-10-04)",2026-10-04T00:30Z
L197,HOB-RENT-01,coverage,§ 155-2: all dwelling units (as defined in § 155-1) except exemptions (A)–(H). No minimum unit count and no owner-occupancy exemption (unlike Jersey City/Newark). Coverage test (rulings_05 §4a): building type not hotel/motel/commercial/industrial/institutional/government; built on or before 1987-06-,previous: All dwellings rented in Hoboken except § 155-2 exemptions (no unit-count or owner-occupancy exemption),S-MAN-15,apply,instructions/rulings_05.md §4a — no unit-count test; post-1987 new construction → unknown,Hamza,"applied per rulings_05 §4a (Hamza, 2026-10-04)",2026-10-04T00:30Z
L198,HOB-RENT-01,exemptions,§ 155-2(A) motels and hotels; (B) newly constructed dwellings for their first rental only (registered with the Rent Regulation Officer); (C) industrial property; (D) nonresidential/commercial property (apartment units in mixed buildings remain covered); (E) housing provided to students by a school/c,previous: Motels/hotels; newly constructed dwellings on first rental (registered); industrial/commercial property; institutional student housing; government-owned housing; buildings vacant since 1984-01-01; mul,S-MAN-15,apply,instructions/rulings_05.md §4a,Hamza,"applied per rulings_05 §4a (Hamza, 2026-10-04)",2026-10-04T00:30Z
L199,HOB-RENT-01,requirement,At the expiration or termination of a lease a Hoboken landlord may not request or receive a percentage rent increase greater than the lesser of 5% or the CPI change over the lease term; no more than one such cost-of-living increase in any twelve-month period (§ 155-5). Applies to all dwelling units ,"previous: At lease expiry a Hoboken landlord may not raise rent by more than the lesser of 5% or the CPI change over the lease term; one increase per 12 months. Hotels, new construction (post-1987 multiple dwel",S-MAN-15,apply,instructions/rulings_05.md §4a,Hamza,"applied per rulings_05 §4a (Hamza, 2026-10-04)",2026-10-04T00:30Z
L200,HOB-RENT-01,confidence,0.9,previous: 0.8,S-MAN-15,apply,full official chapter text verified by Hamza,Hamza,"applied per rulings_05 §4a (Hamza, 2026-10-04)",2026-10-04T00:30Z
L201,HOB-RENT-01,verifier,Hamza,previous: AI-draft,S-MAN-15,apply,instructions/rulings_05.md §4a,Hamza,"applied per rulings_05 §4a (Hamza, 2026-10-04)",2026-10-04T00:30Z
L202,HOB-RENT-01,notes,"Coverage test per rulings_05 §4a; Hoboken rows in the data: 36/40 lack year_built (→ unknown) and the four with a year (2000, 2001, 2007, 2010) are post-1987 and < 30 years old at the 2026-10-01 query date (→ unknown). Building-type exemptions (hotel/commercial/institutional/government) are not test",previous: (previous notes),S-MAN-15,apply,instructions/rulings_05.md §4a,Hamza,"applied per rulings_05 §4a (Hamza, 2026-10-04)",2026-10-04T00:30Z
