doc_id,jurisdictions,source_type,url,retrieved_at,http_status,chars,sha256,result
D063,NJ,secondary (law firm / news / mirror),https://law.justia.com/codes/new-jersey/title-46/section-46-8-21-2/,2026-10-03 18:49 UTC,200,11845,0ea3b901ecec65af31f385404cfe158378ce25a98ed854a8a296fe95bf821579,captured
D002,"Berkeley, CA",secondary (law firm / news / mirror),https://morganlewis.com/pubs/2026/08/algorithmic-rent-pricing-litigation-expands-under-new-state-and-local-laws,2026-10-03 18:49 UTC,200,19417,62f6e9fd6c4634cd1ea457f1a996fa5f5c41aa2d3650c5cdb91a945c847b70e0,captured
D015,CA,secondary (law firm / news / mirror),https://caanet.org/compliance-reminder-section-8-acceptance-and-criminal-background-checks-are-fair-housing-issues/,2026-10-03 18:49 UTC,200,12789,b2d744747fd0342f781f34bc4bc6b7c9641286fc3a76b09b72db585a4951ee87,captured
D017,CA,secondary (law firm / news / mirror),https://california.public.law/codes/civil_code_section_1950.6,2026-10-03 18:49 UTC,200,14217,593fda6d4c809163d37d65373c057c19a994a528cea1280b40ad525af71fce0b,captured
D018,CA,secondary (law firm / news / mirror),https://law.justia.com/codes/california/code-civ/division-3/part-4/title-5/chapter-2/section-1946-2/,2026-10-03 18:49 UTC,200,35522,a8bc795029e2733a533f437262b90cebd500bc5d1ac6c22d56623ae241cd3ace,captured
D019,CA,secondary (law firm / news / mirror),https://law.justia.com/codes/california/code-civ/division-3/part-4/title-5/chapter-2/section-1947-12/,2026-10-03 18:49 UTC,200,26466,ee42d8bdbc38dae8fd4846040759daf025c400608330e1328b9218e39ff51873,captured
D020,CA,secondary (law firm / news / mirror),https://law.justia.com/codes/california/code-civ/division-3/part-4/title-5/chapter-2/section-1950-5/,2026-10-03 18:50 UTC,200,37938,87b60cca2c52fb2160dd68bfb112aa238a0d782a3dd9e3aee46c8ae1323d5235,captured
D021,CA,secondary (law firm / news / mirror),https://law.justia.com/codes/california/code-gov/title-2/division-3/part-2-8/chapter-6/article-2/section-12955/,2026-10-03 18:50 UTC,200,21369,5aa22bd4d8c748e91a558e4ff20543c7ef26c7183248925362e56114c65a9971,captured
D028,CA,secondary (law firm / news / mirror),https://www.clearygottlieb.com/news-and-insights/publication-listing/californias-antitrust-law-amendments-kick-in-targeting-algorithmic-pricing,2026-10-03 18:50 UTC,200,38361,abcfc28267e40d52aac628355120227dcd9d7c70f86275d14b8702535e001f05,captured
D030,"Cambridge, MA",secondary (law firm / news / mirror),https://www.cambridgeday.com/?p=158097,2026-10-03 18:50 UTC,200,24234,2d3222038257ccb8dbd92c3a1afbba13f19b05709adb7b8be84304a309000f72,captured
D032,"Hoboken, NJ",code publisher,https://ecode360.com/15252438,2026-10-03 18:50 UTC,200,5700,f35201a0875498636d87ba6b0156a993661fe170579d01793a9643c91a75094e,captured
D033,"Hoboken, NJ",code publisher,https://ecode360.com/15252470,2026-10-03 18:51 UTC,200,29357,56990e6554e32dedcb56fda00719782f6965426c56c7652660a846925188d164,captured
D034,"Hoboken, NJ",code publisher,https://ecode360.com/46833413,2026-10-03 18:51 UTC,200,5655,cae21f17c3eb481da9c228362af7708f701bd91508f20eac3d2744b2d55b101c,captured
D035,"Jersey City, NJ",secondary (law firm / news / mirror),https://hudsoncountyview.com/jersey-city-council-approves-realpage-ban-and-increasing-benefits-for-laborers/,2026-10-03 18:51 UTC,200,21350,1a62a55033ec56daa28b5e55278e73962d2cd205951750a9f3faade6f00aaf77,captured
D037,"Jersey City, NJ",secondary (law firm / news / mirror),https://www.morganlewis.com/pubs/2026/08/algorithmic-rent-pricing-litigation-expands-under-new-state-and-local-laws,2026-10-03 18:51 UTC,200,19417,0edcb116b46d18af1eb8243fb4e6e54d167933e3ca883999abf7d17b6191bfda,captured
D038,"Los Angeles, CA",code publisher,https://codelibrary.amlegal.com/codes/los_angeles/latest/lamc/0-0-0-322208,2026-10-03 18:51 UTC,200,6110,8a0a2a5a603bdab97ecc20e8ec3c9260c26daf18d7c1bbf943751c7d01eeec95,captured
D044,"Los Angeles, CA",secondary (law firm / news / mirror),https://members.aagla.org/news/city-of-la-security-deposit-interest-requirement,2026-10-03 18:51 UTC,200,11414,43f8071f14af77f530eb7ef63038587f142fb39a4e882a07fd86b91965b81be3,captured
D054,MA,secondary (law firm / news / mirror),https://masslandlords.net/can-massachusetts-landlords-charge-an-application-fee/,2026-10-03 18:51 UTC,200,16849,c44acb0f6d8cc04c4775c4d12cebb40cd913d9ec94972590e76ef8faca6e759c,captured
D055,MA,secondary (law firm / news / mirror),https://massrealestatelawblog.com/tag/cella-v-attorney-general/,2026-10-03 18:51 UTC,200,0,,failed: 
D056,MA,official,https://www.mass.gov/doc/803-cmr-5-criminal-offender-record-information-cori-housing/download,2026-10-03 18:52 UTC,200,0,,failed: 
D059,MA,secondary (law firm / news / mirror),https://www.wbur.org/news/2026/06/23/massachusetts-high-court-rent-control-ballot-question-struck,2026-10-03 18:52 UTC,200,9316,f5629f29118d1c10cdb602fafb4242c9899c2de4e3ebacdd9dca330bc8b0f825,captured
D060,NJ,secondary (law firm / news / mirror),https://daypitney.com/new-jersey-enacts-fair-act-to-prohibit-algorithmic-rent-setting-practices,2026-10-03 18:52 UTC,200,6906,dad8beb6c5a07eea2b38f5845b74ef4ca37747e8c02ea6fba321b0dac583ef96,captured
D061,NJ,secondary (law firm / news / mirror),https://law.justia.com/codes/new-jersey/title-10/section-10-5-12/,2026-10-03 18:52 UTC,200,52135,d3e4af2a4f372b3d78bf6d7d8faa577fd02cd2f3b80ca6906f90f4e3440985bb,captured
D062,NJ,secondary (law firm / news / mirror),https://law.justia.com/codes/new-jersey/title-2a/section-2a-18-61-1/,2026-10-03 18:52 UTC,200,26915,8b69c5915decda37e35fc2af12c145cc481a0fbfd86356819a6c4e8d1f91816b,captured
D064,NJ,secondary (law firm / news / mirror),https://law.justia.com/codes/new-jersey/title-46/section-46-8-26/,2026-10-03 18:52 UTC,200,11734,b03ef6e5cffc6bcc92ef77e5bce13ac633bbf6aee10ba2150de360ffc6a2d2ef,captured
D070,"Newark, NJ",code publisher,https://ecode360.com/36623772,2026-10-03 18:53 UTC,200,118157,006a573d9560bb495babfe9098ba2ecde474d38d6bcc13d14b06dd744ac08448,captured
D071,"Newark, NJ",code publisher,https://ecode360.com/36637822,2026-10-03 18:53 UTC,200,336040,53c8055306767f97d9da742c774a2c626b603c13e3915781ae4e88b7b064c36b,captured
D072,"Newark, NJ",code publisher,https://ecode360.com/36642000,2026-10-03 18:53 UTC,200,27371,b9b3d389c1c8e8bf9148f787bb9eebd500ff16ed5fe4eda2b7e839dd0dbf6f2e,captured
D074,"San Diego, CA",code publisher,https://gocodebook.com/library/us/ca/san-diego-zoning/division-11-prohibition-of-anti-competitive-automated-rent-price-fixing/98.1103-use-and-sale-of-algorithmic-devices-prohibited,2026-10-03 18:53 UTC,200,0,,failed: 
D075,"San Diego, CA",code publisher,https://gocodebook.com/library/us/ca/san-diego-zoning/division-8-prohibition-of-discrimination-based-on-a-tenant-s-source-of-income,2026-10-03 18:53 UTC,200,31041,abf895812a5bbbe3c5c9d034375e071cadbc3b140964d9717a97754712d7f5db,captured
D077,"San Diego, CA",secondary (law firm / news / mirror),https://www.lassd.org/resource/city-of-san-diego-tenant-protection-ordinance/,2026-10-03 18:53 UTC,200,31791,0211331daf0059e77230bec999a309e053a21a76128e8f43ce8882c49574cafa,captured
D086,"Santa Ana, CA",secondary (law firm / news / mirror),https://www.ocbj.com/real-estate/santa-ana-bans-landlords-from-using-ai-apartment-rent-pricing-software/,2026-10-03 18:54 UTC,200,25719,bb4fb178b057ce3619d5540b53e67da1f38b2541aa3af19c36566a112d6f43f2,captured
D087,"Santa Ana, CA",secondary (law firm / news / mirror),https://www.publicceo.com/2026/02/santa-ana-city-council-continues-to-strengthen-tenant-protections-by-banning-anticompetitive-rent-setting-software/,2026-10-03 18:54 UTC,200,14167,4a5973758eb9fac48b2e4100158cdc22871590e8de59d0afc32ae5df0056a9c6,captured
D032,"Hoboken, NJ",code publisher,https://ecode360.com/15252438,2026-10-03 19:02 UTC,200,5700,0c427a93b011d6a60c37c6c1da16cccbbcfd010abd17134c87337c7aa97c98b6,captured
D038,"Los Angeles, CA",code publisher,https://codelibrary.amlegal.com/codes/los_angeles/latest/lamc/0-0-0-322208,2026-10-03 19:02 UTC,200,6110,5bf4a373a7f179abe26d4a65df8cba88ec507f881620eb616edf9cb362423883,captured
D055,MA,secondary (law firm / news / mirror),https://massrealestatelawblog.com/tag/cella-v-attorney-general/,2026-10-03 19:02 UTC,200,0,,failed: 
D056,MA,official,https://www.mass.gov/doc/803-cmr-5-criminal-offender-record-information-cori-housing/download,2026-10-03 19:03 UTC,200,0,,failed: 
D074,"San Diego, CA",code publisher,https://gocodebook.com/library/us/ca/san-diego-zoning/division-11-prohibition-of-anti-competitive-automated-rent-price-fixing/98.1103-use-and-sale-of-algorithmic-devices-prohibited,2026-10-03 19:03 UTC,200,8455896,bd96cbdf428f7d0712b92bacf0670c931b4fc4da452781b124b2d0f33ed9ba1b,captured
